"deptcode","dimension","pa_last_year_5","pa_last_year_4","pa_last_year_3","pa_last_year_2","pa_last_year",per_capita_last_year_5,per_capita_last_year_4,per_capita_last_year_3,per_capita_last_year_2,per_capita_last_year
"ACOA","ab","0","602657","106277","0","500000",0.0698320364692705,0.0504031845004972,0.0977600681035281,0.0755061820912732,0
"ACOA","abroad","2411125","2833503","2305372","4150000","3476000",0.0865191483177095,0,0,0,0
"ACOA","bc","332244","243556","479100","375620","0",73.5292602391732,76.0287568100812,69.7107000215713,84.7893322861022,92.9240199150522
"ACOA","mb","357177","0","0","0","0",90.8977356868404,86.7814324570042,88.3670367918282,99.1815028879776,105.234632319469
"ACOA","na","35304275","30574349","33767099","37869525","38708452",67.2181708073838,65.4577171830171,65.0869356459047,67.9913248815126,84.8052402532717
"ACOA","nb","55804885","57955885","53322063","65204014","71912691",0.183341965462704,0.0997185620573016,0.101389021549908,0.0898742319827315,0.100318539278755
"ACOA","nl","47999731","45912845","46715234","52218367","55018560",194.743648576519,198.311508807551,200.198803392403,218.685765531378,192.984395076322
"ACOA","ns","62934424","61555259","61678463","64957280","81981989",0.121255587516598,0.135552106054484,0.137626086303624,0.375619326851159,0.104323957228608
"ACOA","on","2506259","1377766","1420271","1279933","1453038",0.0432779852902663,0.0461021188726994,0.0548013746870211,0.0639500570836574,0.0569383610132998
"ACOA","pe","28093524","28910645","29813806","33285723","30039179",75.4983087469418,69.2762438826668,68.6010743267905,92.0127347379346,84.7674566716181
"ACOA","qc","989817","1112081","1138281","3138769","881288",5.21308561446681,9.47034439085667,7.81118921215302,9.73498479905892,9.26635656795026
"AECB","abroad","441128","724258","149994","103269","669639",44.6247026621127,38.8365632693372,43.8671270564117,30.1912250900062,31.7842148097601
"AECB","na","690898","507812","719138","854122","1109430",11.1925586469692,10.3823877820617,10.686770252515,10.3968039510437,11.1687106773986
"AECB","on","591604","636972","767665","910737","824709",10.7204860026171,7.22204538967949,7.73413411519909,7.84130843145113,8.75954156130814
"AGR","ab","311679668","289696972","290195167","394170870","368814812",17.1509616339714,9.96946347335444,9.06142679858848,11.276531962285,13.3286500901512
"AGR","abroad","868971","1126277","1011042","3051291","4838805",14.2001900753513,15.5542049786948,12.9384745800522,76.6976733919032,15.2576098332183
"AGR","bc","24802605","45762172","38280873","48428551","46765263",0,0,0,16.6214229039937,11.9682149692236
"AGR","mb","184224160","162405381","185566019","129335374","138289972",21.7943152307339,15.4571293329845,16.3495898882749,19.2067728834406,13.8598565944977
"AGR","na","211565885","160211007","70288626","137872779","54175211",141.149349434004,111.690068869012,133.372559947892,120.523191947861,126.648378475613
"AGR","nb","8494570","7914380","8174364","7995267","8643320",17.4419671880518,16.2210723072713,14.471887622308,16.7957535976066,13.7410198554408
"AGR","nl","5661092","3820917","4088650","4128394","4579646",310.851291466081,266.695991767648,256.203000784861,345.751450216562,249.143582513469
"AGR","ns","16057948","9375104","8586898","10773328","12884926",23.5375949909023,19.5220808579991,19.5020396716129,20.403855721393,33.5399620698998
"AGR","nt","627549","693562","579993","3474558","685204",9.07789186832352,5.97300900457104,13.3742477868575,7.50885658841894,7.74577449590326
"AGR","nu","0","0","0","628456","462763",11.5922571950366,5.42363893542322,26.1011272913217,9.34671935468568,9.8275551936086
"AGR","on","297925238","213564123","229027246","273530932","200749517",9.25444614005765,8.67425620521478,12.3550691884797,13.0435276676036,13.6188113680362
"AGR","pe","20362064","16282625","19861975","18344594","19713580",4.79417825727191,4.38695822712908,5.65674299422804,5.96062350132378,5.7928844908882
"AGR","qc","142379877","133079056","119694421","140349516","116078763",7.2992597474165,7.29704779960043,10.8635108294713,11.369243275789,11.7787031050958
"AGR","sk","347782290","301672371","293787981","400892583","291753862",4.42544840115736,3.78857315431389,5.18675287453357,4.89603569694026,5.00471910368063
"AGR","yt","879647","742659","764909","820235","1361756",20.4217409997058,17.1050235478807,19.4274432819506,18.3129000927111,18.181433565655
"CCRA","ab","37476261","24977720","56575529","32166988","33701098",23.6883388914919,20.4183914923709,28.6770194650459,29.3261042052367,32.0699063776962
"CCRA","bc","55153166","26207864","127915726","46497050","49597509",3.91881935879373,3.23669209632365,4.78425663261074,4.31396257342776,4.02936045945656
"CCRA","mb","38205130","36273701","52264216","55876816","59254100",3.85733992333234,3.39719036382593,4.11647114913276,4.24735887732577,3.92766742046564
"CCRA","na","500","250","0","0","0",7.14103137511005,4.23145908410261,9.59379979477254,8.84889848915482,9.66560597205671
"CCRA","nb","3638532","3344130","4326871","4583791","4483038",18.4347456127336,17.2754354650633,25.8001273218802,27.0877641912509,27.6545937881876
"CCRA","nl","3854469","3860598","5742995","5985827","6158118",12.6134271647223,11.3216182114505,10.3720361021875,9.66084577114428,11.224378709884
"CCRA","ns","4143419","3562706","4915133","4677555","4838107",0.0254138555567863,0.113168969124542,0.0225107299377609,0.173194641999947,0.0538410630144369
"CCRA","nt","902498","762713","870874","829611","816510",0,0,0,0.0253042048632161,0.0554379426238381
"CCRA","nu","859484","750723","1071058","1108820","1240015",0,0,0,0.134740420175498,0
"CCRA","on","53569712","44719902","67018508","61436776","58362232",0,0,0,0,0.361564855608048
"CCRA","pe","556456","495256","613029","646482","611365",0.0103364628459984,0,0,0,0.0506205295382389
"CCRA","qc","58292689","34715250","79348620","73943608","81651260",0.0300744953211803,0.029924117070947,0.0296826567319842,0.0293792071802543,0.0417376088310905
"CCRA","sk","20624904","19541057","29585006","31407775","32384276",0,0,0,0.130827386712342,0.114270635946054
"CCRA","yt","471389","430697","406812","388366","455721",0,0,0.0293131457165929,0,0
"CEAA","bc","120913","546850","110320","861590","271724",0,0,0.192556930803175,0,0
"CEAA","mb","0","0","0","108400","241205",0,0,0.0285848086040702,0,0
"CEAA","na","2256112","1522470","1328654","3107383","1745106",1.02246167846635,0.505803151221959,5.82895145063575,0.255619978936029,0.0591635378641147
"CEAA","nb","0","0","0","103617","0",0.111386130426777,0.0554148329764989,0.803925316742965,-0.470332026925954,0
"CEAA","ns","0","0","0","0","349528",0,0,2.75812044260874,0,0
"CEAA","on","141298","0","0","0","733200",0.0948368577864981,0.110333077061958,0.573329907162431,8.28522157402892,0.55943424132151
"CEAA","qc","245500","245500","245500","245500","352583",0.0735640455937344,1.89629864936038,0.118209899089409,0.11387338150784,0.0232722646915459
"CEAA","sk","0","0","0","151692","133814",0,0.0497957202281812,0.192159962781761,0,0
"CEO","ab","0","0","124000","0","0",55.4075694250462,0,0.348245860597068,0,0
"CEO","bc","0","0","943678","0","0",24.7129565979817,0,0,0,0
"CEO","mb","0","0","120919","0","0",0,0,0.241500920188428,0.543318023479761,0
"CEO","na","1567729","1350124","15395799","1501044","1374502",0.112950242358005,0.0873592493637158,0.79227176153512,0.0771340331578845,0.0334284666052942
"CEO","on","13976908","6988452","81652733","3640381","856939",1.03979647716954,1.84845387696867,9.1768588714822,1.19971354987911,0
"CEO","qc","909252","454628","6649124","-3930212","0",0.0361653462676939,0,0,0,0.0253571158418909
"CEO","yt","0","0","108179","0","0",0.646868179112375,0.787007347409311,0.108403244091742,1.09876479324388,1.7748463528168
"CFIA","ab","391515","461387","2425291","35492837","2434043",12.6639280091079,12.2674428142184,11.9894193727743,14.5997024188159,15.8375816871034
"CFIA","abroad","1376000","0","425000","469550","0",11.9002555614944,12.6217571663161,11.2972667174614,13.7313717110527,13.6470426687908
"CFIA","bc","350000","9163209","579320","566485","117450",5.67709371896422,5.94321871267276,6.72878390159861,8.35173871867817,8.8557358579292
"CFIA","mb","0","208234","812872","0","0",44.0059516594022,44.0443335795217,40.0590138644668,18.8694857817563,19.3922549416129
"CFIA","na","486978","1234759","1606549","2508395","1848317",14.8451302212047,15.6656201624381,18.1546448500899,18.1194640764455,24.1109277033308
"CFIA","nb","42051464","0","266375","0","0",16.8561324659207,15.8608427213622,15.7627148513347,19.1081218284738,26.171679378179
"CFIA","nl","13049998","0","0","0","0",198.574570633358,215.386499215071,242.033751979834,277.181095757362,401.67999732793
"CFIA","ns","0","0","228854","519073","0",126.981589173993,132.250278782604,130.447696056119,163.600502512563,380.936688563596
"CFIA","on","1544014","1207003","11098249","1098495","484186",42.3008586774115,52.495592132476,35.7477458453781,39.3537178527445,39.0649583871907
"CFIA","pe","150000","269475","1366627","182606","0",99.5754857582542,104.917974537672,76.7462547256599,96.7439293598234,76.0730585393432
"CFIA","qc","295220","0","0","0","214207",23.3727880086188,21.8855094748531,20.7878704452991,25.9281167988033,27.6628756136796
"CFIA","sk","723720","890221","124306","1273998","2078393",15.7823992720811,13.9540404562802,13.6425202755734,15.4464778237178,15.8719619615944
"CH","ab","52280494","51299563","50717450","62543271","68907750",87.1075136465803,126.671074076021,139.726097598287,216.497039800995,230.619221201448
"CH","abroad","7659570","6599119","7922730","7177817","8107100",18.5778315529395,20.5480566220244,22.7220997951862,25.8140985972273,28.9897122458084
"CH","bc","56618548","60990287","55365351","68309345","68873622",23.0969511066029,20.3978703083821,21.53056190716,22.2802893123836,21.8044069684036
"CH","mb","23436746","24853144","28463994","35777788","38530430",7.90002204297168,9.06290501737903,9.42069210228208,10.35470425944,10.6054336791391
"CH","na","117143891","112770044","119738082","130278666","149877850",7.64538545460295,8.28302651619005,11.5229093809035,14.4488499529266,16.7484154663407
"CH","nb","33398229","33574511","30641340","14510861","15007414",5.02861779749765,4.66593581482735,5.56148869762603,5.99182515247116,7.50554495063292
"CH","nl","7839164","8288100","9597453","9539771","12605627",6.43990788991649,6.63827678539147,9.15973816840292,12.3386394466681,12.2207975719684
"CH","ns","15781908","14915251","14937253","18255441","25300398",13.116036476365,12.5943485086342,12.6646886920829,15.6936117610702,16.7097909105079
"CH","nt","8775606","9604084","10849647","12556858","18039047",0,0,0,0,6.73157295815445
"CH","nu","4607273","4862446","4872091","6185735","14729298",24.1968383728875,23.4405126607267,24.4084187087302,25.2781245411698,26.2967058959661
"CH","on","578246816","725307711","500759214","560451211","565826311",31.9909191107661,29.9241068978763,25.6706575969809,30.5143093661306,33.0748702266536
"CH","pe","14364660","15295362","11429129","14725200","11841228",39.2978655193522,41.5322537491993,42.6285080698741,45.3220887359761,58.1454905169025
"CH","qc","190793541","179550580","171932797","216661826","233685157",15.2387205646019,19.7854522886946,22.7619412226389,25.4078830029272,30.9948037064901
"CH","sk","17657443","15784071","15643878","17909913","18586496",12.1783688322809,13.5852215971821,10.1859925551986,11.421815920398,18.92719391148
"CH","yt","3255382","4818821","5480337","8703181","9363371",1.00859070319502,0,0,0,0
"CI","ab","76694862","85927144","96118663","110584320","126131368",0.357121283360506,0,0,0,0
"CI","abroad","10092709","11766670","30035042","23816766","17103716",3.09852699658455,0,0,0,0
"CI","bc","109889727","98565671","105516418","110837577","110042045",0.337033828880741,0,0,0,0
"CI","mb","32613661","37898939","39851261","44358238","46143192",4.78065986045212,0,0,0,0
"CI","na","38143860","48291010","66109425","97621067","61036278",2.31695528994447,0,0,0,0
"CI","nb","5802450","6314060","8813931","11111339","12961381",0.967651228184332,0,0,0,0
"CI","nl","2655427","2468574","2940081","3154654","3924034",16.4644381464525,17.6305304100063,17.7442231827268,18.6632605588448,18.6199984784761
"CI","ns","6029499","6242516","8680061","11788040","11813955",26.1045202163456,24.8915334876468,25.0919871024455,24.3580738264801,24.1125248178046
"CI","nt","579637","561582","567720","710952","750420",4.8484487561466,5.10111854683369,4.81131600894902,5.02559226195548,4.84776486525435
"CI","nu","0","0","0","0","260283",1.04015558378176,0.792974842874553,0.794469901491035,0.872810827399312,0.818722888483719
"CI","on","330767393","323866898","341916400","359995352","380887852",7.43449171784427,8.53465844332339,9.46676061666509,8.09734412423337,8.44595824933342
"CI","pe","4614978","4362456","3822900","4644522","5148302",21.0473976017627,22.3754314735926,18.443462230064,17.9564475138584,16.5587151873004
"CI","qc","320790952","340734140","352572845","378722704","491190369",7.35184305206707,0,0,30.4534016158227,37.511411966421
"CI","sk","17049172","22380255","26101118","29459983","36295752",33.1974415246389,33.1358816549289,33.5192471031474,35.5668657508518,35.7975122895627
"CI","yt","455130","516809","399515","459157","768463",1.57655328263748,1.09527794545355,1.3368967439112,16.3603095763692,7.9554915968546
"CIDA","ab","4163765","0","0","0","0",28.0210603544282,28.8899161819996,28.6488529617911,28.8860760508601,28.7211158802449
"CIDA","abroad","511421640","0","0","0","0",8.39184630758148,8.59819103971456,8.75661724949856,11.7222363089725,10.908452153537
"CIDA","bc","1699097","0","0","0","0",250.535311022108,230.027068849518,221.497445735829,223.142775153415,275.409761963081
"CIDA","mb","12791649","0","0","0","0",384.804095581953,329.119645334131,284.87892580792,344.49788415763,310.046837014431
"CIDA","na","3561570","0","0","0","0",0.00978429918082555,0.147166314009761,0.0214161286578212,0.0870702198150895,0.0207121642955151
"CIDA","ns","315555","0","0","0","0",233.540645402975,197.343383628621,227.008898067411,284.926965174129,317.271126326938
"CIDA","on","65350951","0","0","0","0",0,0,0,0.0234999963817788,0.0918680981249631
"CIDA","qc","18913452","0","0","0","0",0,0,0.0448908682587689,0.0482441928063084,0.154382001989387
"CIDA","sk","1082614","0","0","0","0",0,0,0,0.651746678764753,0.0287296815073476
"CIHR","ab","67970140","73726735","75061329","79951038","81013770",0,0,0,0.474365281209817,1.07960131441534
"CIHR","abroad","1306500","1358760","3451110","1469634","1749027",0,0,0,0,0.35988079142741
"CIHR","bc","124199016","120279748","122970158","121173915","121690608",0,0,5.20139647980012,10.8106264624078,13.8745685720012
"CIHR","mb","20015851","21331679","20352752","21528999","21092145",0,0,0,11.8444591377942,17.1920291729168
"CIHR","na","13559149","12262566","11165658","12673755","11981434",0.012143504030034,0,0.0459059714877085,0.0566767445764908,0.184604206419639
"CIHR","nb","789424","604476","607694","671202","633599",0,0,0.0253904599336729,0.0227075542258788,0.191019020885081
"CIHR","nl","3925880","4515372","5004603","4263195","4415699",0,0,0,0,27.5142730474619
"CIHR","ns","19706068","21041453","17477615","17155159","16007459",0.504737301068236,0.731501889752294,0.605464679550582,0.772008647315175,0.656684902736238
"CIHR","nt","324900","0","0","1379600","1684600",0.0817927095508621,0.151883372946439,0.47856848734506,0.549421552128252,0.429653561280658
"CIHR","on","453804378","457823400","469542105","506521215","518499831",0,0.074639775310186,0,0.0596189476205294,0.0835879740770935
"CIHR","pe","227432","159674","199092","2490170","1238320",0.483380943094916,0.609484067066428,0.297720631973905,0.27385138333342,0.509260395897592
"CIHR","qc","228737681","237015328","236949592","241379273","242624757",0,0,0.230857845455405,0.20694102295757,0
"CIHR","sk","9388848","9725818","10041213","13591722","12774092",0,0,0,0.105665204066252,0.359647008562039
"CNEDA","na","2603914","2221266","2518621","2819193","2014768",0,0,0,0,2.55383108062972
"CNEDA","nt","11071907","10256907","9929066","10108814","12368377",0.210491182791923,0.218752010723375,0.515764840627595,0.59564358198739,0.459500193382574
"CNEDA","nu","13961847","12100742","10639943","13025465","11988271",0.129815119643203,0.138167388563137,0.242590247669428,0.392272610321616,0.366325666824778
"CNEDA","on","133750","2033330","300000","1240000","300000",0.397845560356308,0.419575881826146,0.529563094096102,1.17403978673235,1.2055435100984
"CNEDA","yt","8727881","7507337","8903743","11454064","12881525",0,0,0,0,2.77810891357356
"CPCC","ab","0","0","0","100671","399709",0,0.581094346525929,0,0.610080410880528,0.0436677368664559
"CPCC","bc","0","0","220000","240000","779132",0.216993830923324,0.298411258660457,5.07804308014302,1.86856630805825,1.76644774202474
"CPCC","mb","0","0","0","2792000","125000",6.82667756703728,7.69772261234192,10.0396219171554,9.02634648599527,9.41279633804584
"CPCC","na","930000","1096000","1506751","1785828","1799721",2.94533224570643,2.48389217647199,4.12396572459779,4.51607677420029,3.67688942256251
"CPCC","nl","0","0","0","249750","564435",6.39729937262311,9.52650950017517,11.2608371172507,9.30339648257546,9.66957188867317
"CPCC","ns","0","0","0","0","347900",3.6871498442581,3.81242678301799,3.85034350670998,5.71877421938799,5.83064452562196
"CPCC","nt","0","0","233163","489743","623093",0,0,0.440994987231628,0.885132375929025,0.208294282140248
"CPCC","nu","0","0","0","447839","664747",4.93529117103915,4.65889181205085,6.03337688047681,6.77177153288339,5.18137826377948
"CPCC","on","166000","0","643057","807155","2673852",3.59443803317267,3.56245795021305,3.76670310304058,3.71612732329698,5.13903671869781
"CPCC","qc","0","0","210000","189750","1613654",36.4583387832794,41.18484411262,41.4732239854359,44.681091627433,44.1311740717947
"CPCC","yt","0","0","0","0","1117107",3.87774073021441,0.798146573012128,5.37552124952156,9.23491537895511,1.03483322197667
"CSA","ab","2083707","3058969","2561227","3307187","2857171",19.9079398260187,23.0671517908457,28.009478984135,28.7377576065819,28.2494333011862
"CSA","abroad","24620924","29762875","27802596","34498797","41766413",2.00347423950175,1.80286028252738,1.46995465248103,1.96632547982634,3.26234493312281
"CSA","bc","389150","733924","2345356","2733203","2168367",0,0,3.10848503390954,6.33756218905473,7.41159084751607
"CSA","mb","0","312126","0","255400","363683",0.974765884262287,0.806446321110823,0.694561513163494,2.53932224414683,2.83918710170606
"CSA","na","839353","1853182","1670185","1178491","1661236",0.843840556026482,1.10687302042257,1.47722318964311,1.00913925927475,2.76482212420593
"CSA","nb","366861","464603","227728","210595","394110",0.772529612673498,1.31044810026388,1.78098210385175,1.26010388263144,1.93690433314847
"CSA","nl","0","0","122043","108953","0",0.606103448457602,1.24940409739613,0.994666004275041,0.924718990080779,1.14245878274218
"CSA","ns","0","0","0","100950","347674",0.379341101345862,0.276653253015236,0.287903149531826,0.683543750819099,1.02787203194993
"CSA","nt","0","0","0","0","114690",1.16627557619535,0.888561244260311,0.723901261249092,1.06723007486058,2.52030445563246
"CSA","on","2877385","3022397","7224903","8482786","6655512",2.71536216142828,0,0,0,0
"CSA","qc","1059689","1133537","2006421","3277928","3094576",15.4739134029711,88.8899556667664,34.9401590404027,94.0779423432954,38.8680753116433
"CSA","sk","445112","474602","607250","1361278","1411724",1.71683492003576,2.73359164682632,3.55628736846749,4.47429297401607,7.13198626479729
"CSA","yt","0","0","0","0","112794",0,0,0.805796361829426,0,0
"CSC","mb","0","2430000","0","2613507","189994",0.768639296303361,0.900647421376058,0.776296022777903,1.03432532535527,0.890795490179529
"CSC","na","102938","0","0","0","0",1.40996294263706,1.22578497754934,1.58725647510247,2.09286474477396,2.008252585124
"CSC","sk","242774","337547","5822992","2166569","2068558",0,0,0,0,2.98145365877688
"EA","ab","28182573","32190067","42469448","38667722","40954145",8.54893232264266,0,0,0,0
"EA","abroad","2388964626","2975824912","3162237080","3291732001","3518193902",14.195476910517,5.13535735598154,11.3392235539723,13.1343665525649,14.6983151068589
"EA","bc","14013181","12002552","20210624","22466091","18556452",0.211250972827234,0.26261453897662,0,0,0
"EA","mb","26409971","39837624","47635413","39854569","42071350",1020.79212654119,1179.9931823046,1333.48160718304,1342.21551432547,1377.8615171892
"EA","na","23340738","30290274","25807936","30089566","27241604",1113.52265930242,1154.47587773985,1254.80748081834,1306.01080710122,1331.20057046275
"EA","nb","2798355","2906171","2945147","4397806","4512260",808.478318678391,806.786156323945,812.609418408277,825.610327617089,847.990683768718
"EA","nl","0","0","233132","466016","108900",3308.30247395078,3499.31396884908,3482.29067139056,3566.15442411822,3649.15067186812
"EA","ns","4620770","4381138","5717421","6469588","5008885",1353.9815268254,1288.27149507715,1359.03577414168,1395.66296607932,1432.77133534041
"EA","nt","158849","158850","168850","168348","230789",3179.76705569221,3203.58394886333,3226.4557138214,3206.74758524392,3256.28884493679
"EA","on","498380387","569032252","580962479","636320360","639206605",26210.3200280587,28514.4274276744,28839.1147745778,28272.9451017615,28834.2054599301
"EA","pe","559399","116357","800528","1405628","161078",38570.1173827964,39568.7668833465,40244.6620525315,40691.6551970378,40941.2955050949
"EA","qc","162509767","189244874","231661443","240139887","238640167",1461.22366739674,1406.72141834301,1465.68589278201,1500.94961927493,1465.56088133573
"EA","sk","2241499","2039300","1685597","2279919","3820294",3688.67482098171,3985.10495664819,3719.66036354846,3833.41572716283,3880.38048645732
"EA","yt","0","0","121921","254770","300918",1880.03916042299,1906.00217123543,1930.41810567098,2024.31842273747,2136.30894386802
"EC","ab","4024126","3372369","2938123","10878134","12353022",1214.98218457892,1301.54574957985,1300.82996075695,1348.71516073557,1386.12564355903
"EC","abroad","10920975","12103713","12273086","20648379","21679345",22991.5032109601,23926.1422375269,23600.8138544694,23522.6687562189,23987.720918204
"EC","bc","4014790","5348582","7239537","5020157","13953449",0,0,0.0612502907674938,0.0681072944972925,0.033654408592611
"EC","mb","3189234","5479986","7533882","5398125","8427279",8.14399300174725,8.73553952636039,9.94824205319405,8.86356944309316,11.5905761693595
"EC","na","23302265","24764059","27801950","28525470","25061996",0.151154470363103,0.059783368984149,0.15339049081553,0.296686199614228,0.299550828667442
"EC","nb","460001","952407","760825","711120","884134",11.0619291440257,10.1187594206397,10.4089475163582,13.3206425907528,12.7934336666723
"EC","nl","200316","146367","152200","359881","537390",9.36371228432971,6.94684943003007,10.2611444244774,5.46658360130144,10.9977296114518
"EC","ns","1091950","835587","685992","1019606","2436401",14.5944998830467,12.9163924873083,9.30849739139244,11.847806518062,16.7582478284572
"EC","nt","120000","0","0","0","0",25.0062227049533,25.4644987665396,23.8673121110045,27.7454637764337,48.3944643612639
"EC","nu","561440","3268217","1304980","3557087","1502873",0,0,4.01617178505449,7.88151282729437,22.4804996637873
"EC","on","23468893","37768792","49816950","63720102","103301415",0.23901473753206,0.206602736067519,0.213572985523982,0.231485026836235,0.418478302143806
"EC","pe","0","0","120000","0","0",12.1820337032698,9.48512182406848,9.18061925450407,11.4752378324398,13.9808423703551
"EC","qc","6274451","7388988","6420607","8643081","7525092",0.780379374751855,0.899277372187148,0.795309124617949,1.05991587135378,1.11612706033151
"EC","sk","1577475","1386543","1820107","2426639","2351718",0,0.112644068366004,0.709848260224993,0.467124974773218,0.706644680267833
"EC","yt","0","0","0","0","121050",6.0017125120411,6.32984595972872,6.3255315894141,6.32587064676617,6.4407280608852
"EDC","on","116862708","0","0","0","0",0.0956256926843079,0,0,0,0
"FEDSO","na","8394707","1278892","1038581","6794357","7211741",0.0879199933283882,0.00956215899126735,0,0,0.0176883263894652
"FEDSO","on","194050182","70952896","158841363","187051492","212893953",24.768048341658,23.137908005585,23.5847719144757,29.9233740014959,28.1901489522065
"FEDSO","qc","1724455","2154512","0","0","0",0.0330264273429741,0.0329621583231004,0.0331063613308546,0.0331165279642977,0.0330538433303815
"FIN","ab","4214136136","4934454190","5640872559","5749880802","5994939053",0.0249350761456226,0.0249411846449311,0.0199949543600882,0.0249040489688534,0.0298067375565805
"FIN","abroad","502810000","944420000","492810000","492820000","492946500",0.0083512769655214,0.00840069306936727,0,0.00848873597606582,0.00851211271733813
"FIN","bc","5297872454","5578606385","6149527877","6497001514","6718276415",5.42653731560206,5.73554372376257,6.30155875016311,6.26955934501326,6.42480741345298
"FIN","mb","3337641043","3373790111","3437487360","3536809791","3689523514",11.0716513804083,10.8507452678981,10.2226366692282,10.7145823299211,10.3779994372649
"FIN","na","-823","0","-319772500","10000","46778",4.84310515224184,4.69273596196821,5.7605522596653,6.94782431692069,5.18934767764194
"FIN","nb","2510829546","2667488546","2663621546","2742415546","2824030266",31.4043557661394,32.4656737798919,32.9528621201326,36.1746695760274,35.518114401715
"FIN","nl","714987547","681576782","718454262","734806782","749078644",6.19376097170224,10.3862640177068,11.3831476402156,12.8934914614249,12.4002444445295
"FIN","ns","2977123681","3012592681","3057492681","3063649681","3147883733",32.542960318113,32.0514907771523,33.5143895520624,55.5243464353302,37.927550069359
"FIN","nt","1158312673","1271458319","1292770998","1280820959","1294915333",66.8830357748965,67.7662928907827,65.4451112053004,65.3054169793828,66.6525863412679
"FIN","nu","1399439569","1454824852","1503097883","1538551483","1583036132",24.6083289694898,24.3223814833954,32.4382446651851,31.7634488230627,30.4106967361506
"FIN","on","19974722962","19436029779","20531524388","21375592388","21227538471",14.3242551862272,14.2619817761966,9.33280099976199,14.3414322447285,14.0029076426644
"FIN","pe","532124541","580964541","553935541","583476541","604004505",23.4999757380822,23.2885090270537,23.9237246593832,22.2317946494271,21.9004728375392
"FIN","qc","15346878109","15637003823","15966146468","16915710820","18046702661",18.8333140391052,19.8582827944859,14.8808260072788,19.6266076290202,20.1517005581106
"FIN","sk","1359329358","1472239570","1491661716","1563810952","1623190554",8.44958196505918,8.2843034548118,7.58796284991715,7.74142505015171,8.51348175575798
"FIN","yt","859238458","910198303","925671121","945611284","973925457",29.7821363587713,31.083118658325,30.2822140635358,29.9903482587065,30.8418019260609
"FO","ab","0","0","259100","291763","146427",46.1911535014413,43.352373459532,40.928158680568,43.2469956508981,37.0056664125431
"FO","abroad","0","0","0","100000","109140",67.9867637263678,86.4325815293591,89.7546163116275,94.2170703231476,73.0785865442916
"FO","bc","38747156","42211481","48754086","44093528","58495088",41.1886510185791,43.8720038070049,44.4792075238335,51.6648014541981,45.8538426868366
"FO","mb","624011","250000","648870","1270966","1303316",28.3792381032693,27.6975871355877,28.6436289473856,32.8126999318606,24.7370210379552
"FO","na","6170482","10594535","9178007","13104014","15159899",29.1421212999207,29.7742745192917,32.3484441501939,34.9546508690524,18.869463178391
"FO","nb","8395429","7713419","7961856","10243734","9900672",27.1828914918864,28.062419314704,28.5933020412987,29.660870693842,17.8676809670749
"FO","nl","4944630","3675321","5424554","2878118","5749811",850.801778562216,814.081879345145,831.828986994445,815.315946315836,621.599323075553
"FO","ns","13664407","12146343","8821030","11319110","16200349",1993.35134911667,1968.67489868632,1946.27947200728,1969.93409151018,1240.39448093933
"FO","nt","1105100","1135462","1069900","1256925","2173347",39.2316462641168,30.6998114217411,32.5487594564701,35.8472968804496,34.3042406361341
"FO","nu","0","0","150000","298000","869231",27.583741742283,20.5951201777973,22.8739264442221,24.7949450751603,13.6504535642699
"FO","on","3267298","2854536","2991759","3296666","6061341",17.8362918429026,29.0513489316603,28.6426142839715,28.8857634704562,25.4959940735893
"FO","pe","1757368","1382779","1367187","1746623","2176202",143.000561312685,146.115678156774,150.810322665039,163.317531449389,110.35960742152
"FO","qc","6370286","7377748","6577861","8856922","9428605",365.340067430162,275.85994427212,254.049411044822,237.978656716418,216.448708159898
"FO","sk","0","127417","813983","541623","827500",0.0506749886246092,0.05176518442201,0.0520003592198647,0.0505216524326752,0.0511029158446814
"FO","yt","224296","240800","248100","254300","261500",849.306596662064,886.657607493487,891.636798777547,944.709816093988,993.543277357954
"FORDQ","bc","454964","0","0","0","0",1230.00023708641,1282.94571117855,1302.7589527695,1355.90830668512,1418.12300833403
"FORDQ","na","22095323","22210571","23428098","24378482","28430226",374.842233607054,385.559571855425,388.823731544538,405.678144520157,419.605684891474
"FORDQ","on","1201854","132116","0","0","256202",1529.82317760901,1588.65281146652,1652.99702577444,1744.09796466115,1814.25919029522
"FORDQ","qc","202183139","189825364","195065474","250047194","238139356",1593.28239433552,1661.00971717924,1728.76182918755,1860.15924238309,1974.84525972709
"GG","mb","136343","137840","140046","141867","143814",1471.5259780555,1524.73185365096,1558.75312674118,1632.52388274355,1688.3147658706
"GG","na","0","0","140048","0","0",916.949041703437,907.4,869.291587659223,1024.38905567083,2565.63388184996
"GG","on","340859","344601","280092","354668","431728",721.577267590883,700.6987515979,670.466464965595,687.219968262364,855.306057000983
"GG","qc","68172","68920","0","70934","71907",1220.0128816974,1274.80092403709,1300.66442411245,1361.02334921358,1415.66732301214
"GSC","ab","22402374","23984696","26656753","26857996","27953701",1432.01593661401,1490.08797947649,1543.83496619013,1625.19481236203,1679.6380801254
"GSC","bc","52676249","52432483","50098832","53301747","52375480",1459.59035229791,1521.98329832029,1564.35847291134,1639.24372954375,1713.47562239209
"GSC","mb","19993791","19623919","24368196","29763597","22578338",1185.24378042306,1212.2545646145,1203.61090433418,1258.89331270343,1304.86880575768
"GSC","na","-520000408","-534259591","-435514929","-552093577","-558607534",880.654473937707,874.29378055833,861.172785681505,881.438184079602,1039.33940050738
"GSC","nb","23834273","24748226","25205809","27818755","27487007",204.072055809898,197.024509985616,204.542725564656,283.876947332472,313.741800606357
"GSC","nl","3270696","5494988","6017701","6788333","6483071",183.815517137375,186.039094565468,179.883505748276,221.859595930763,197.949589639334
"GSC","ns","30469030","30140645","31759308","53046628","36664904",256.292695056076,254.156549208289,259.468961161027,309.559085668506,217.332588123701
"GSC","nt","2955762","3021699","2933708","2958466","2993301",162.355493393487,198.717761898702,153.89992744197,248.309530930597,124.739094984151
"GSC","nu","892864","894261","1211536","1200976","1175860",224.786190284114,221.337536361454,220.658725054384,260.741326095504,220.929990933747
"GSC","on","195810563","197051313","130735127","204241772","202821503",158.151566159798,156.35991543862,154.979952133318,194.296083426839,142.984483438139
"GSC","pe","3390083","3395092","3562745","3383857","3408940",2761.30699432037,2230.63045525903,2337.30693555223,2568.61502803408,3823.37164042842
"GSC","qc","153737529","162919040","123076678","164004840","170233687",1508.35399498388,1593.02091549487,2371.51923746285,2022.6850039672,1974.22684011793
"GSC","sk","9453443","9370765","8701117","8976043","9969517",98.578985666276,86.1369442939606,89.095831393389,109.914146094981,78.2004775258519
"GSC","yt","1113018","1182464","1187729","1205612","1252208",68.9672880028282,79.7827059210887,69.2826867936691,84.8637850835699,60.0141208819448
"H","ab","190690939","181289438","173133642","185264637","161007991",89.1324761305897,94.6104900180825,96.777821868513,114.774744532536,120.099364329007
"H","bc","323464637","417655631","439867090","468700906","368811549",800.255441962235,701.694177679824,697.938082323188,824.633975344162,697.335087918554
"H","mb","170039108","183462410","188155232","221325448","199505530",5062.8624906347,5457.06647915462,5319.79613482229,5371.07300995025,4567.39585231891
"H","na","30996567","19454459","19218627","18605682","21340042",0,0,0,0,128.346182549316
"H","nb","21538366","21113566","21909655","25233360","19143659",0,0,0,0,102.113680207974
"H","nl","15388876","15752467","17101005","18403379","9865295",0,0,0,0,160.306654184961
"H","ns","25450553","26389394","27095928","28337284","17272848",0,0,0,0,102.685156876908
"H","nt","37599483","36299911","37288398","36935443","27915404",0,0,0,0,91.0038407246881
"H","nu","72324767","72382270","72691592","74483208","47961093",0,0,0,0,56.1196595873215
"H","on","536291112","424165326","455947384","510514941","496870923",0,0,0,0,480.77534569908
"H","pe","3979203","3002439","3406408","3773989","2124775",0,0,0,0,1131.19091708478
"H","qc","145598774","238339736","236897993","241376661","215380189",0,0,0,0,45.7975660721493
"H","sk","159989886","165278311","172934197","189363738","129234080",0,0,0,0,28.0814295626253
"H","yt","13653489","10494264","9964326","9566742","8788034",0,0,0,0,31.8060200229438
"HC","na","254200","274480","283605","257856","282373",0,0,0,0,391.764940518024
"HC","on","692720","715216","728428","719498","740187",0,0,0,0,769.812246003793
"HRSD","ab","3506192423","3707793750","3771787720","4047016874","4322808439",0,0.0121890497234,0,0,0
"HRSD","abroad","248394132","251134295","152800499","231621487","265671861",0.760445946273284,0.460554574444045,1.59125371378645,22.3793595188279,34.8089657751349
"HRSD","bc","5852044698","6199392533","6384527204","6745226206","7156954836",4.28821237057194,5.54129761979903,9.49380097919227,32.9609236109492,37.4656121328847
"HRSD","mb","1547461193","1612319523","1644795928","1737873650","1825662794",0.371683017222586,0.364227545067693,1.39243257503693,9.19718441699836,3.43540820625429
"HRSD","na","3855120038","3839811789","9956438895","3559884958","1997385509",1.51379541154335,2.33807388011633,2.16141481621901,26.6503513599268,30.2575337226236
"HRSD","nb","1161056241","1211012563","1264385690","1341232264","1404031602",0.767870500300154,1.11898204939676,1.20417667643999,25.1966521872086,11.5272159719061
"HRSD","nl","841353481","878778784","913909941","979360820","1032484649",1.84582241680026,1.98159152344473,3.94074281999764,29.1661565708161,34.4103054797255
"HRSD","ns","1377747099","1433830390","1477124343","1559674137","1632109079",43.4457945828525,47.7729984301413,832.473598500903,39.2536974085029,30.5483088022445
"HRSD","nt","40522729","40460966","38967734","46406873","115220052",0,0,0,106.566701930706,57.2925567682201
"HRSD","nu","26180988","25762591","25041252","25983787","33071264",24.6161372537831,33.1443004745398,35.3317311927484,59.2270636151176,67.2758474347501
"HRSD","on","16677405291","17613344333","18219881542","19382849344","20504868098",2.57707318087606,2.46623772156067,3.64958602211911,30.5048420582361,22.2027226705042
"HRSD","pe","206581187","217230986","229909447","247367652","261445745",33.5917565502067,18.8017520540072,16.9318314513562,49.0962704562453,47.9792877487583
"HRSD","qc","11914728000","12486480348","12938532038","13697930415","14474772089",0.498342876244854,0.735642670669683,5.14788523589431,24.8611172920321,23.5273439468091
"HRSD","sk","1326057853","1371238114","1380180624","1459664136","1528036603",0,3.63006676830871,6.02972821375759,27.3976368159204,235.59786704761
"HRSD","yt","32911819","33259884","33776919","35433815","42198219",7.45799384734637,7.53213415866267,7.46782480383832,7.77248485190854,7.95874877410449
"INAC","ab","842470668","823910200","865253365","1216092790","1365059514",8.65171312796634,8.83846420489409,8.69862066685793,8.93980230333858,9.19267909439286
"INAC","abroad","260000","285000","275000","240000","240000",4.03595911149868,3.73880096083831,3.87600397524079,3.94618491257794,4.27492719324112
"INAC","bc","874549931","898969741","881568408","1103683157","999008030",11.2975223598982,11.4695200901495,11.8588870513332,12.2957171019438,12.9393270593769
"INAC","mb","1058053133","1062822962","1097601448","1326111809","945592575",14.1797550671037,14.1660728495472,14.1571266433368,14.7820160951808,15.550633298777
"INAC","na","90695450","97136686","85217506","82760820","90769873",12.5113669012497,12.9661031368104,13.4551007142013,13.6013213645727,13.252954094769
"INAC","nb","123219377","151480364","117718824","190953009","96533964",132.256963772543,128.975689616506,140.203805742075,152.924550792459,162.80444899686
"INAC","nl","118701270","117101501","116651235","137278483","115506176",134.280461924317,134.092583022819,135.021098289111,149.533060037027,146.602519008948
"INAC","ns","148072725","147038050","146863962","185625815","138224387",8.89752791908622,8.81728876502773,8.5844021766211,9.29853408156612,9.36422900142099
"INAC","nt","122030440","99463812","104774458","116363398","171703797",23.5446245988119,22.3559855676892,23.0637183473117,23.4781089036056,25.3952305083004
"INAC","nu","54727608","58570600","88573872","76477720","76335455",7.65081893892035,7.63571013708415,7.67603840633514,7.91034818249813,7.85931533999739
"INAC","on","1347560933","1190114967","1248066345","1565329012","1132674641",13.5584533869143,13.5360320099863,13.6774396093137,14.3530084986227,15.9430363262333
"INAC","pe","9949152","11631042","10317647","12916947","9341558",94.4026008776624,93.6518847589506,93.3954413339452,106.587935323383,108.59353217901
"INAC","qc","727594018","776192502","800432235","959086459","1014552471",0,0,0,0.0107872278379783,0.00690405476517169
"INAC","sk","895330590","793719264","800325599","956148251","816598216",0.0298234139960759,0.0297290737284376,0.0299471606908825,0,0
"INAC","yt","189209297","207597723","208653044","215917135","185440839",0.261653017733769,0.268776560354542,0,0.378448153172096,0.0288308584879864
"INDSC","ab","0","0","0","0","558421534",0.825999563985175,0.834869965194123,0.666185442524486,0.678858126746521,0.69403348869579
"INDSC","bc","0","0","0","0","515345279",0.159651254104366,0.157420610818207,0,0,0
"INDSC","mb","0","0","0","0","697478382",6.25421398583124,3.81556260785578,0.51298401588953,0,0
"INDSC","na","0","0","0","0","103691669",0.396964126839345,0.278718648379063,0,0,1.44821244035175
"INDSC","nb","0","0","0","0","79466708",0,3.06958959407939,0,0,0
"INDSC","nl","0","0","0","0","47578446",0,0,3.29106535650218,89.8701137265274,0
"INDSC","ns","0","0","0","0","54251380",0.520131588765357,0.559039108547035,0.370122673012694,0.763549653442971,0.126225866703967
"INDSC","nt","0","0","0","0","21591140",0.0232755768269827,0.0447163821437735,0.00574308022309267,0,0.015556117713308
"INDSC","nu","0","0","0","0","43738628",0,0.14319093804784,0,0,0
"INDSC","on","0","0","0","0","663343030",9.20087231082094,8.56122180747595,0,0,0
"INDSC","pe","0","0","0","0","4371043",0,0.0702556105919616,0.0944928290918945,0,0.0779582228668577
"INDSC","qc","0","0","0","0","268684821",0,0,0,0,0.136632204039702
"INDSC","sk","0","0","0","0","458767323",21.9221011069932,18.4765506909164,10.1540715486608,9.79479737144402,17.8790818269595
"INDSC","yt","0","0","0","0","31255147",11.0312573629728,8.82666801872043,7.40744074303365,6.9273643473807,8.87078057692231
"IPC","na","480999","381584","468817","489416","475745",1.25431896906717,0.456502218560823,1.30119115385997,0.0743707855018111,0.150171194426166
"IPC","qc","0","100000","0","0","0",6.52052182758239,3.61044170911557,6.30990253691635,5.30766750063718,4.73842822014067
"ISC","ab","3139349","1925931","6731296","95870334","151450364",1394.46730030318,1431.44565959063,577.853105078975,869.222160598526,476.668494581288
"ISC","abroad","4808000","5720367","6025000","5908000","5827100",69.7423780080767,95.2091043852392,49.3065715383187,19.6709609619668,290.879226323537
"ISC","bc","20402281","26776409","46526973","163970443","189080702",0,3.02758466023772,0,2.20740806145424,13.4093388853014
"ISC","mb","1534419","1523114","5890246","39399570","14947121",16.1473692914037,21.196997307368,0,0,0
"ISC","na","14424941","12603240","7616784","7468073","8261187",9.33299375414233,8.53356066947272,4.8870330623622,4.27119578799216,9.07689107928465
"ISC","nb","1148892","1782288","1653277","20494440","23415912",30.6591408508308,29.6463740876914,28.9985898563668,23.4650084095448,17.3310505216632
"ISC","nl","405484","592012","636588","13265861","6026636",10.0725187346955,8.69289177281805,8.03706390524861,8.68547877337322,10.5325821779867
"ISC","ns","1728190","1863453","3734374","27864646","33264752",15.0357041345863,13.4055158171308,5.56049795064097,0.471588174719401,1.22835084075773
"ISC","nt","1920000","2130198","37317294","1778271","1371894",4.09892432837418,7.59457967509595,0,2.86318407960199,0
"ISC","nu","0","0","0","4029287","2215274",3.45783445970496,2.50686659819478,3.18314002416916,4.80604817182956,2.70670120970346
"ISC","on","336499150","457939719","494931625","843475060","974439655",13.8227556292784,13.7972817511028,15.3760587613304,16.5237321225113,15.2272054656633
"ISC","pe","371766","359538","543500","4643081","3455987",0.679850059346462,0.731548759913577,0.78668516546798,1.33461192710428,0.837599154749786
"ISC","qc","274211625","154251172","140040181","410260710","405310263",6.81812983234688,5.11533814603123,5.53266091867618,5.16241489079494,5.21750074623298
"ISC","sk","557549","832120","5903080","28826018","27551155",8.60300191454429,10.1379363138227,9.43874397049087,12.4922382633767,10.0613272687627
"ISC","yt","0","138095","236498","1101385","9565509",6.34673935217474,5.99639295520331,7.22969253887585,5.59363643214818,5.59350125011767
"JUS","ab","30788836","31497615","31590273","33296338","34627728",0,0,0,4.02066133945521,0
"JUS","abroad","924584","456341","489015","474270","504523",0,3.20752305056164,2.69776968593537,4.54556995503835,0
"JUS","bc","41162766","42708829","42629974","44472763","46393429",2.27262971237452,2.40007975944782,2.79113877694203,4.37809266925626,3.02002376099488
"JUS","mb","16661650","15634787","16396210","16904955","18599785",11.5400980181479,12.7473316687702,11.6611223400326,10.0495440449911,9.94448013568381
"JUS","na","11371618","12751986","11435702","13474930","14138449",3.02474757330674,2.6544188657236,2.71902505953761,3.35419871353777,3.09810705017242
"JUS","nb","8574232","8743089","9070922","9455554","10013577",2.15374872855526,2.00834462717931,3.11736199529083,5.17644862102215,3.90053346336165
"JUS","nl","7487804","7494745","7484165","7782628","8130151",0,0,0,2.61761194029851,2.60449250018472
"JUS","ns","11714030","12193090","12750484","12994376","12811750",20.1985836785117,20.5752214674904,20.2440142083654,22.2218322065103,21.9620678567497
"JUS","nt","5844832","5751026","6284916","6927788","7311385",24.8477138081185,24.5641983752591,25.4976213961305,22.9874890747005,21.5498206777391
"JUS","nu","4872098","4930182","5042903","5653845","5668533",4.51093476733764,4.3410330327027,4.86290454505052,4.6395948245898,4.55716597550714
"JUS","on","121627961","121824467","120251456","132423948","135633759",16.3711782625424,14.4507135745105,18.8685483818252,11.4693593858093,12.5514681083931
"JUS","pe","3396524","3259145","3434672","3573556","3952920",14.3003259080829,14.3564433725284,15.60642580157,20.9919353153793,21.9990665967889
"JUS","qc","62454117","62644015","63487155","66100847","66392423",33.3003297122308,33.6157465795815,32.1928195755314,26.4325605834771,31.5229950274591
"JUS","sk","15169279","15311242","15683920","16642055","18669726",0,0,0,0,2.7834064441426
"JUS","yt","3528014","3562705","3663156","4284835","4409006",34.7392242495534,35.2140784110644,36.7504484180405,40.2572587247344,40.9565344185771
"LAC","na","36766","37392","1524050","1384382","1426924",10.5178741014425,11.6393499972562,9.37560854412742,19.9008659203196,25.2577414298196
"LAC","on","0","0","0","153625","100000",25.9812678157696,26.5788665036991,24.5166836480481,27.1184720418848,26.6613279568219
"ND","ab","123120","124320","126682","0","0",23.2831759929782,23.160034018567,26.3748818348304,24.3672200172146,24.7681710156982
"ND","abroad","137496553","108041256","130571706","120045581","134855689",12.3039708872953,13.283081856895,7.64876854826373,8.17283582089552,12.1084702347233
"ND","bc","1244882","1298770","0","1882663","145503",89.7587462151491,71.0754609596666,70.1216895057047,69.3596978715289,82.3864190428603
"ND","mb","3409974","3491230","2818087","2908142","3019671",88.4715797920828,77.3717660133005,75.1125665048011,103.74371358066,100.062977779891
"ND","na","14560735","13944484","14432961","13837533","13263933",24.1376309861202,25.1918897881636,25.8412170723543,28.0954755194657,33.2369656307969
"ND","nb","121167","120000","0","0","0",177.114164606798,101.492542854482,85.6502376112066,97.5668012982892,154.952198447577
"ND","nl","3302619","2018673","271189","0","0",96.4726954927726,83.4299960496198,150.38575617138,88.336380540672,255.632070816231
"ND","ns","371666","262102","0","0","1400000",146.302848213818,86.8692967326044,96.1240017221875,80.8082733918373,154.07066035384
"ND","nt","0","136873","0","0","0",474.880048876519,2127.04642296479,1543.79365114775,2636.71698821244,2498.15186265559
"ND","nu","0","0","122918","3397989","0",1393.67122343797,447.343378573177,467.682802752416,479.550912457022,219.985387679098
"ND","on","7110126","7723989","5184728","10874000","1828286",94.342451861248,81.0648741056465,88.9039360274538,78.9804160818977,91.1033184201148
"ND","qc","190000","366857","47500","0","131412",409.471187239618,125.980231026724,122.829043586868,363.923670240723,262.034903890631
"ND","sk","0","161970","0","0","0",82.1149218130498,81.3756240945822,74.286552740882,66.1398863126402,62.923271069956
"ND","yt","343855","325686","0","0","0",71.3746485092143,83.3537374010628,73.2464445800994,80.7979623659531,140.961055552092
"NEB","bc","0","339486","463088","0","393438",2113.53419672482,450.388071079333,481.049411044822,567.603184079602,491.073643506318
"NEB","na","316297","510958","2539604","794359","1923120",0.0519686069326357,0.0239133475936596,0.0295495420530171,0.268448667829322,0.310339168829629
"NEB","sk","0","0","0","0","160000",0,0.0206947003976487,0.0408098802352445,0.206201107525853,0.298281676633418
"NFB","na","80000","88250","0","0","0",0.067376401908776,0.0468701612835728,0.0697369192451203,0.110560000261446,0.109304256750498
"NR","ab","90501010","77264593","42953591","41959668","77790115",0.185628000864354,0.196775763522758,0.196102784005857,0.32509245629457,0.152129445254927
"NR","abroad","3242201","1775343","7495760","3874734","14040484",0,0,0.250405750496548,0.36727363896576,2.38358281466973
"NR","bc","52484064","42651828","36302193","34461504","44768878",0,0,0,0.135025372209476,0.975146605648649
"NR","mb","5178205","1908985","5504278","318595","653380",3.94632634127577,15.8324736488002,13.7278872108328,7.71444969317028,5.23414015008128
"NR","na","7476405","7265996","6739002","10923498","9205586",4.06934376980955,2.94916637201839,80.3234357010897,0,12.8926705632856
"NR","nb","4948737","2752200","4826476","4081660","3667008",0,0.0617377933484818,0.053407184711397,0.113093401980244,0.208632940543247
"NR","nl","736366586","757324935","305482044","457639383","249210869",0,0,0.802908924866204,0.785569746662462,0.959937297630673
"NR","ns","65297766","89532928","46724485","18793164","281195566",0.901866615509399,0.69057000262674,0.797985883629719,0.710333103964099,0.568952232519284
"NR","nt","0","135000","0","100000","602200",0.111726251021178,0.132608759073754,0.156972181041249,0.286334759832408,0.145171716792183
"NR","nu","585875","779350","0","0","0",0,0,0,0,0.00760315935069298
"NR","on","127580718","117904325","68458214","60827718","131471887",3.83693626916648,5.14383591617415,3.87859015116127,3.66290550630236,4.07558756220838
"NR","pe","4422857","4321967","4318499","3571562","2697682",4.78379022560832,6.30858654161549,3.87669519141262,3.99351256318984,5.03490423596828
"NR","qc","82222605","71317223","66473133","72578032","88975136",3.08530872271879,3.11755969070476,2.65285481671719,2.61630024979732,2.88632676312332
"NR","sk","16822036","15163609","6376223","546798","1438432",4.95903803686155,5.90027273120824,4.9473320216236,4.4547939433975,4.80563441432664
"NR","yt","153185","288913","0","115100","0",7.01959614667189,7.28355602262868,8.66404615530124,7.76490285720798,10.2055457157175
"NRC","ab","14274978","10483127","13465268","20588500","11776589",7.71026230653304,6.98794107075635,6.19375664815034,5.54716572323357,5.70561565062496
"NRC","abroad","12058967","12831711","15901644","16613573","17209965",67.2629375692983,80.0015698587127,76.5475494679546,74.7123305814313,82.6101004253045
"NRC","bc","65765340","66670604","75354589","82200478","76848356",125.497560841165,152.990398999102,112.548100350746,96.4461782597196,102.907929447059
"NRC","mb","2806625","3059165","3327823","5717308","3644311",4.41756989464413,5.9385993386914,4.52682041733753,4.90413308992058,5.58482445957476
"NRC","na","113638967","101081889","111395297","103669747","93716773",13.972902903805,14.9506324425177,12.66539977572,12.7052848733312,13.9033188569666
"NRC","nb","5174606","3899366","4231960","3969959","4037756",1.92818602527017,2.89541380909632,1.80491893007504,1.76553729244577,2.15946595066131
"NRC","nl","4542927","5363607","4989792","6577076","5260243",9.28650364763864,9.4047360776274,9.40201709252638,8.54740565183418,12.0813738709697
"NRC","ns","5942268","5638900","6851088","5344026","5407288",78.0079203681901,76.4480836969665,70.3086533068176,72.5615671641791,64.7633309524396
"NRC","nt","0","0","0","182144","0",135.712669379648,2.35413730805055,26.1329228232153,80.3913804167397,8.41511677696183
"NRC","nu","0","117931","100759","171868","0",3.55903441094852,13.4961434391074,2.99231611169991,13.0467769662926,48.7207397588165
"NRC","on","31066530","33160810","39098646","62350077","43742755",65.7548787636557,6.64438173833298,6.23992455174527,23.3720259680901,2.76604983657408
"NRC","pe","1664763","1858357","1736586","1529621","1547918",16.8390891075541,2.26148744111485,10.6770683941143,56.0140049830172,4.37850357998002
"NRC","qc","24691205","21777078","22488575","28028523","26171597",78.0934812702272,91.8679684650032,3.35397332828904,20.7965025176023,4.05935526320823
"NRC","sk","2409627","2271733","3574679","6001999","4567630",1.2490582320717,2.50461408236227,10.2933153375994,3.06681871849408,15.1243362790664
"NRC","yt","0","0","0","105228","105745",75.7346864888104,73.6585108768782,8.28989225243715,5.48805792238753,104.913892538244
"NSERC","ab","83385813","86040741","85635905","95195507","95554783",168.757379489017,27.8907716158512,47.7937561915982,39.6715683681566,35.1176227176331
"NSERC","abroad","435500","452920","471037","489878","499676",3.93325052341428,3.64497368915311,3.85501480782523,19.1960117064506,8.22401400087074
"NSERC","bc","118219434","118698014","124958080","114355678","108757204",12.5457267830777,0,0,1.36659045516661,63.6593513902452
"NSERC","mb","18622492","18153180","20570981","19875435","19827778",9.75300300879707,16.2390523745183,4.51137680010804,10.3198731488407,25.5968884213273
"NSERC","na","32092883","31589781","33700577","35486356","37264079",121.79208906638,166.700918625077,2.03492194994332,78.8242051191825,113.768278613559
"NSERC","nb","12424873","11015620","14432647","8820075","9713418",22.8749063469978,17.9935334630146,22.6410687879251,188.631218905473,8.45484101376813
"NSERC","nl","7551473","7595463","8250337","11052107","11501508",1.28467299472428,1.27904246289793,1.27466809603807,1.26786057954882,1.25987385755285
"NSERC","ns","31178133","31611643","30506946","25253034","30473563",1.07815579036411,1.07344249464579,1.06522996268594,1.05659551841369,1.04374739451065
"NSERC","nt","0","0","0","0","125000",0.468549056098599,0.46260776482109,0.439030637485335,0.431840203115162,0.433298477062176
"NSERC","on","474880332","486536899","514805206","573318879","593224356",1.5596947157543,1.54337924600779,1.51086817843017,1.47824030274361,1.44549519453153
"NSERC","pe","1517298","1696831","1396225","3029071","3931519",0.719215323953766,0.715619109260813,0.709844715574254,0.702587883320868,0.694989552665139
"NSERC","qc","212086726","218055280","202773151","226608732","225224474",0.00955957120263119,0.0100492561635344,0.0170760787982182,0,0
"NSERC","sk","26049357","26197403","30244077","28253353","29004197",11.7653816340867,12.1519698022247,11.9301264436724,12.8252581250658,12.9896253672515
"NSERC","yt","459824","505315","300000","328548","491616",19.4550827395839,18.9176760679241,18.6478150186073,19.7625853017634,19.1479087655891
"OICC","ab","370551032","297220875","296627649","297128137","358455153",4.02435651478817,4.00788303503425,3.96143477446844,4.42209234494113,4.40523146814878
"OICC","bc","420926455","373872366","368109713","516093022","504995835",12.6820137875059,12.3190338572379,11.7132127519104,12.4376329628146,11.5261866396515
"OICC","mb","99647382","105346563","109313103","120357449","144610747",15.9902776752016,15.7797748094272,15.2438097039629,16.3013810250089,16.4294018186061
"OICC","na","333680","159335","207732","444427","534116",22.3564480796692,22.2921365998073,24.1339845003124,26.4831689303478,25.3455538326425
"OICC","nb","134420441","77366649","65514295","75030041","119915492",0,0,3.05708613112633,3.215840360249,0
"OICC","nl","50943661","44139724","79501430","46508486","133649048",19.2995490809708,19.6569598260636,19.6856202260772,20.8334942845071,20.8855150307486
"OICC","ns","136979114","81690323","91090180","77202285","148941494",12.8760978517805,10.4551253909894,11.5635269706757,8.96294544307789,9.5178213496428
"OICC","nt","20986374","94845000","69203638","119448553","112189502",20.7942895944819,21.5483958296385,21.4051302996086,23.2890325205684,23.4503640024059
"OICC","nu","50566573","16447474","17467485","18131820","8505955",15.3110065552026,15.4022766271758,14.4104107438737,14.7891670590833,15.6247123251642
"OICC","on","1289648109","1120036481","1245378249","1124790039","1319562511",0,0,5.25549436540717,6.08467661691542,2.95559222679244
"OICC","pe","59069904","18365902","18291824","55392094","40787305",0.0543080686965579,0.0635260470160327,0.220619717723863,0.252621868108602,0.16869678257446
"OICC","qc","670309280","667612537","614410929","552681425","531551191",0.154779382478179,0.101720040023551,0.127510470795021,0.33182737745372,0.210257035178867
"OICC","sk","79854385","94285330","83991698","93683783","165069202",0,0,0.11643559712769,0.0722297323006541,0.189953069490664
"OICC","yt","78987000","17133663","18867720","22817648","19938081",0.731162082250694,0.432906679750069,0.727202724521346,1.23003542207404,0.621480913880192
"OPSIC","na","34533","40638","21432","25157","48209",0.644400384045085,0.279314561781867,0.18916107065166,0.348572535627254,1.34477963650831
"PCA","ab","214542","100000","125000","1150000","1350255",0.414106599478143,0.273918471429696,0,1.13592030781598,0.456440355887863
"PCA","abroad","1756561","1359020","924244","770835","629375",2.26280180119023,0,0,0,3.11741521743971
"PCA","bc","0","100000","200000","1025787","1505362",0,0,0,3.96574980163978,0
"PCA","mb","278150","196000","295000","473625","475572",0.362869188126287,0.308537771201122,0.288371242022671,0.345297460309146,0.531438510900329
"PCA","na","3374259","2644587","1999557","3454687","3911606",0.720925557504211,2.21090105910114,3.05888356914069,3.73502049826553,1.17566942488565
"PCA","nb","140882","150000","150000","250000","117731",0.248680182916633,0.245713080739656,0.33394379253431,0.253845804038893,0.366452211507422
"PCA","nl","0","0","132377","193367","1246180",0.22895837169268,0,0.200932240341851,0.447883623894118,0.0986313722911598
"PCA","ns","0","0","0","129000","942683",0,0,3.54586711539442,0,2.46956971503165
"PCA","nt","174400","705970","615380","349480","235060",5.0092890536056,8.69302579174105,7.91488786303385,1.05794943034026,1.27372928044099
"PCA","nu","147648","108432","3000000","0","498508",39.1522679059616,23.5626135751026,15.7343097233213,10.9452098742998,11.1817380587226
"PCA","on","0","853003","748135","1610606","3021890",5.91283772981615,1.99394274905453,1.89996770826044,2.89386660155425,4.10037691043763
"PCA","pe","0","0","119570","119570","149420",9.00338626625276,0.275350949574243,1.07684745164432,0.269025710912183,3.19068675400931
"PCA","qc","7361994","5665495","6600000","5935721","4806286",22.9960326703443,14.1459882849491,11.2034313818216,4.01690620767987,8.23728907573955
"PCA","sk","125000","150000","180000","332000","170000",23.6985616343986,6.68470366297951,4.71092048390092,0.73787388420894,0.953344801796611
"PCO","on","0","0","0","0","110126",15.3205032471206,27.8389100695223,32.1226716041671,44.8694097390844,26.3213387071634
"PHAC","ab","15840024","21510313","16407150","15691422","17732478",150.991400931566,0,0,0,30.8066777013397
"PHAC","abroad","15719779","17056795","17851125","2043773","1956839",5.90022472797819,28.0571714563952,27.1835155917269,14.8027773855327,6.55059443221123
"PHAC","bc","22760121","30484068","18998807","19866495","25410054",147.9776859676,128.770845909016,119.638405597599,171.478338852097,134.732364958627
"PHAC","mb","12737080","13036902","11222064","11207898","12558122",15.7088180012821,6.64078724196544,5.94730560670927,7.00627494390426,7.69078398396517
"PHAC","na","24912713","21891534","21747324","21495375","19117282",12.8174276863013,6.39846987173197,7.92718147728264,3.704367985014,2.15733454480554
"PHAC","nb","3763652","4497713","3784239","3425790","3719018",18.7232152413572,88.3975868776615,19.2453469991331,14.5042537313433,16.7310164774267
"PHAC","nl","3706789","3853460","4580248","4088167","5335643",0,0,0,0.023343362419941,0
"PHAC","ns","7218895","6571334","5869402","5299629","5515670",0.181786792256834,0.173189389966884,0.295017166454861,0.602602458652354,0.627028808273156
"PHAC","nt","2972551","3567270","3431397","3384618","3709937",1.03656360363751,1.04183818183259,1.09420791618924,1.08885624532536,1.07959542161575
"PHAC","nu","4553428","5624998","4203559","3646630","3979038",7.89649395635007,8.11907101427268,7.16665870799001,8.14051443635234,11.1957130258767
"PHAC","on","60387562","82050925","63412307","69841618","80891949",11.3145089946759,9.91319959728113,9.13775375073407,11.3854960266887,12.1950043394006
"PHAC","pe","2015717","2179563","1886144","1933846","2164135",5.93240801298355,4.58815691460424,4.17103227661019,5.58444613087269,6.84748331437557
"PHAC","qc","15739904","23754221","14928165","14753271","18242324",0.0391368309551085,0.0768531496115708,0.10729359099506,0.114755038820328,0.0487761113077232
"PHAC","sk","10389796","10638139","10781293","9910563","14147615",0,0,0,0.418848167539267,0
"PHAC","yt","2915312","2908238","2757646","2916975","2629456",17.4180805251313,16.0533131414396,17.9096241388332,15.4369097579781,25.8159743541353
"PSEP","ab","560262613","9844449","110547072","344386464","36613340",2575.39305210377,2605.15461581414,2793.41587458134,3042.58863369666,3232.72311137394
"PSEP","abroad","1026907","882231","723643","722090","500000",2926.7347625216,3019.68655558441,3138.00106452573,3335.64390921086,3519.45945612846
"PSEP","bc","16933028","65215457","14664665","64903697","245882855",1689.08231548095,1630.37797843733,1659.61192657341,1765.70482645027,1846.63226260492
"PSEP","mb","271455866","27785243","26396029","100122791","12034809",5539.1983152996,5667.85523600629,5666.10873114962,6017.7106807176,6164.80100712378
"PSEP","na","5678372","5833363","3144084","3571504","5086791",5037.85667619205,5035.99678488195,4311.61954223021,4803.34585265141,4764.06770233619
"PSEP","nb","12779993","1723907","8166943","43075442","3388467",5350.29461235048,5364.07748872267,5389.95092715316,5486.09113898612,5963.91584954728
"PSEP","nl","41238278","48603943","1773078","10949213","2122304",32156.8866562578,35561.2239067055,36134.6007540099,36401.4476182067,40156.8443964461
"PSEP","ns","1169457","2355294","9754275","2929965","14620832",45362.3710001929,45215.8329208257,46597.6834721144,47041.2573922243,47598.7236848911
"PSEP","nt","3346943","3284433","371611","248620","4711578",3235.82087629281,3218.9623542644,3310.22174994899,3468.14882091123,3504.05732754258
"PSEP","nu","6123024","1025460","1785049","1499982","1357858",6408.69766184432,6423.09351506338,6194.37376864243,6771.31982550195,6726.90466798581
"PSEP","on","53766984","50360943","54001564","273377678","119118609",3843.44649759533,3928.71441885353,3976.39148268558,4221.60355338818,4465.13447260639
"PSEP","pe","1809834","0","0","208006","9908960",4029.14321517761,4051.28468890427,3876.59107961978,4309.57934922664,4624.53591163995
"PSEP","qc","79614378","133226566","37312799","86235440","216232505",32058.2682489564,31699.166894485,31194.2213808577,31595.7470149254,32215.6193197212
"PSEP","sk","136261720","188563244","2333445","91395247","133225726",pa_last_year_5,pa_last_year_4,pa_last_year_3,pa_last_year_2,pa_last_year
"PSEP","yt","854881","684510","888028","7582975","343275",0.0698320364692705,0.0504031845004972,0.0977600681035281,0.0755061820912732,0
"RCMP","na","147981541","157816461","180661517","198090856","224109665",0.0865191483177095,0,0,0,0
"RCMP","nb","975000","975000","975000","975000","975000",73.5292602391732,76.0287568100812,69.7107000215713,84.7893322861022,92.9240199150522
"RCMP","ns","1009446","1009446","1009446","1009446","1009000",90.8977356868404,86.7814324570042,88.3670367918282,99.1815028879776,105.234632319469
"RCMP","on","6405000","6391641","6150000","6150000","6276000",67.2181708073838,65.4577171830171,65.0869356459047,67.9913248815126,84.8052402532717
"RCMP","pe","225000","225000","225000","225000","225000",0.183341965462704,0.0997185620573016,0.101389021549908,0.0898742319827315,0.100318539278755
"RCMP","qc","5871000","5871000","5871000","5871000","5871000",194.743648576519,198.311508807551,200.198803392403,218.685765531378,192.984395076322
"SC","abroad","0","0","0","100000","100000",0.121255587516598,0.135552106054484,0.137626086303624,0.375619326851159,0.104323957228608
"SEN","abroad","0","0","0","232017","236255",0.0432779852902663,0.0461021188726994,0.0548013746870211,0.0639500570836574,0.0569383610132998
"SEN","na","317931","329842","227139","231677","298507",75.4983087469418,69.2762438826668,68.6010743267905,92.0127347379346,84.7674566716181
"SEN","on","130678","138846","239204","0","0",5.21308561446681,9.47034439085667,7.81118921215302,9.73498479905892,9.26635656795026
"SSHRC","ab","48571025","50816682","50466630","54941777","56516574",44.6247026621127,38.8365632693372,43.8671270564117,30.1912250900062,31.7842148097601
"SSHRC","bc","92562595","91413143","91388727","98312775","96635283",11.1925586469692,10.3823877820617,10.686770252515,10.3968039510437,11.1687106773986
"SSHRC","mb","16613751","16760025","16757598","18943682","19166726",10.7204860026171,7.22204538967949,7.73413411519909,7.84130843145113,8.75954156130814
"SSHRC","na","21080172","21398979","23825746","22820474","21796936",17.1509616339714,9.96946347335444,9.06142679858848,11.276531962285,13.3286500901512
"SSHRC","nb","9624989","9390664","8959495","9564689","8919966",14.2001900753513,15.5542049786948,12.9384745800522,76.6976733919032,15.2576098332183
"SSHRC","nl","8443874","8348495","8058640","8582563","8589587",0,0,0,16.6214229039937,11.9682149692236
"SSHRC","ns","20931694","20963124","22870136","25301384","24501775",21.7943152307339,15.4571293329845,16.3495898882749,19.2067728834406,13.8598565944977
"SSHRC","nt","0","0","137040","145684","0",141.149349434004,111.690068869012,133.372559947892,120.523191947861,126.648378475613
"SSHRC","on","263822134","271591270","275758806","296697688","302510854",17.4419671880518,16.2210723072713,14.471887622308,16.7957535976066,13.7410198554408
"SSHRC","pe","1857493","1524190","1722052","1364232","1481506",310.851291466081,266.695991767648,256.203000784861,345.751450216562,249.143582513469
"SSHRC","qc","169745096","176784871","177038044","194608978","198099506",23.5375949909023,19.5220808579991,19.5020396716129,20.403855721393,33.5399620698998
"SSHRC","sk","17130046","17422239","16524418","17147773","18296960",9.07789186832352,5.97300900457104,13.3742477868575,7.50885658841894,7.74577449590326
"SSHRC","yt","0","0","206131","244604","120000",11.5922571950366,5.42363893542322,26.1011272913217,9.34671935468568,9.8275551936086
"SWC","ab","224200","265651","933262","1082200","733983",9.25444614005765,8.67425620521478,12.3550691884797,13.0435276676036,13.6188113680362
"SWC","bc","736403","491527","624900","1650739","1061121",4.79417825727191,4.38695822712908,5.65674299422804,5.96062350132378,5.7928844908882
"SWC","mb","0","0","492544","309423","826467",7.2992597474165,7.29704779960043,10.8635108294713,11.369243275789,11.7787031050958
"SWC","na","9339293","10939700","7951503","6946505","5251257",4.42544840115736,3.78857315431389,5.18675287453357,4.89603569694026,5.00471910368063
"SWC","nb","554914","330000","556241","945912","480956",20.4217409997058,17.1050235478807,19.4274432819506,18.3129000927111,18.181433565655
"SWC","nl","340284","147775","100000","183521","703075",23.6883388914919,20.4183914923709,28.6770194650459,29.3261042052367,32.0699063776962
"SWC","ns","387716","257588","0","1085231","441245",3.91881935879373,3.23669209632365,4.78425663261074,4.31396257342776,4.02936045945656
"SWC","nt","100000","0","0","0","140000",3.85733992333234,3.39719036382593,4.11647114913276,4.24735887732577,3.92766742046564
"SWC","nu","0","0","0","149945","0",7.14103137511005,4.23145908410261,9.59379979477254,8.84889848915482,9.66560597205671
"SWC","on","4960371","4262926","4039543","4917512","7697484",18.4347456127336,17.2754354650633,25.8001273218802,27.0877641912509,27.6545937881876
"SWC","pe","104000","322314","455532","568500","183000",12.6134271647223,11.3216182114505,10.3720361021875,9.66084577114428,11.224378709884
"SWC","qc","2029992","2015851","2761990","2121199","3095645",0.0254138555567863,0.113168969124542,0.0225107299377609,0.173194641999947,0.0538410630144369
"SWC","sk","256160","0","230409","519313","115500",0,0,0,0.0253042048632161,0.0554379426238381
"SWC","yt","0","0","139076","0","100267",0,0,0,0.134740420175498,0
"TBC","abroad","203600","225000","200000","731560","707302",0,0,0,0,0.361564855608048
"TBC","na","385066","467538","334546","378056","368777",0.0103364628459984,0,0,0,0.0506205295382389
"TC","ab","20679848","36352191","33481432","4532121","5541870",0.0300744953211803,0.029924117070947,0.0296826567319842,0.0293792071802543,0.0417376088310905
"TC","abroad","260456","0","297316","294610","0",0,0,0,0.130827386712342,0.114270635946054
"TC","bc","186277055","113858201","77110296","54449048","56431772",0,0,0.0293131457165929,0,0
"TC","mb","24409968","8338200","8037213","12396957","17840334",0,0,0.192556930803175,0,0
"TC","na","2225728","1616440","1791765","2120254","3072419",0,0,0.0285848086040702,0,0
"TC","nb","6833102","209897","823686","206884","2469231",1.02246167846635,0.505803151221959,5.82895145063575,0.255619978936029,0.0591635378641147
"TC","nl","12143354","7484119","5922694","2114873","4306603",0.111386130426777,0.0554148329764989,0.803925316742965,-0.470332026925954,0
"TC","ns","22188276","6286175","4464219","704947","921607",0,0,2.75812044260874,0,0
"TC","nt","677059","1241337","1439963","2032674","1182065",0.0948368577864981,0.110333077061958,0.573329907162431,8.28522157402892,0.55943424132151
"TC","nu","5478421","0","0","0","1191171",0.0735640455937344,1.89629864936038,0.118209899089409,0.11387338150784,0.0232722646915459
"TC","on","80655246","387653172","380790329","210811963","94880395",0,0.0497957202281812,0.192159962781761,0,0
"TC","pe","21347113","18772729","17816671","26100375","20971901",55.4075694250462,0,0.348245860597068,0,0
"TC","qc","128232071","54481583","49189112","58546185","64968736",24.7129565979817,0,0,0,0
"TC","sk","14340215","7237610","9090099","4295148","2526297",0,0,0.241500920188428,0.543318023479761,0
"TC","yt","699724","3362821","754841","583071","679296",0.112950242358005,0.0873592493637158,0.79227176153512,0.0771340331578845,0.0334284666052942
"VAC","ab","0","0","0","100000","0",1.03979647716954,1.84845387696867,9.1768588714822,1.19971354987911,0
"VAC","abroad","8114969","9300693","10207898","9254228","8865158",0.0361653462676939,0,0,0,0.0253571158418909
"VAC","na","2616459003","2513844849","2670656133","2747599461","3787603308",0.646868179112375,0.787007347409311,0.108403244091742,1.09876479324388,1.7748463528168
"VAC","on","2485000","2392879","4132640","8581890","9082037",12.6639280091079,12.2674428142184,11.9894193727743,14.5997024188159,15.8375816871034
"VAC","qc","8461534","8547329","9050000","9098755","9120000",11.9002555614944,12.6217571663161,11.2972667174614,13.7313717110527,13.6470426687908
"WDO","ab","32599096","33952047","30316285","34872930","48711439",5.67709371896422,5.94321871267276,6.72878390159861,8.35173871867817,8.8557358579292
"WDO","bc","53831707","47902117","44782066","56639336","61545504",44.0059516594022,44.0443335795217,40.0590138644668,18.8694857817563,19.3922549416129
"WDO","mb","24490760","19186594","17644234","23923058","29792722",14.8451302212047,15.6656201624381,18.1546448500899,18.1194640764455,24.1109277033308
"WDO","na","12062387","1436415","1550091","14275103","15296117",16.8561324659207,15.8608427213622,15.7627148513347,19.1081218284738,26.171679378179
"WDO","on","534995","1061845","1502983","1634270","706485",198.574570633358,215.386499215071,242.033751979834,277.181095757362,401.67999732793
"WDO","qc","0","0","0","3500000","0",126.981589173993,132.250278782604,130.447696056119,163.600502512563,380.936688563596
"WDO","sk","19487453","18158657","20536966","17898819","30231203",42.3008586774115,52.495592132476,35.7477458453781,39.3537178527445,39.0649583871907
"ZGOC","ab","10631995137","10894144392","11816663138","13034063298","14065258218",99.5754857582542,104.917974537672,76.7462547256599,96.7439293598234,76.0730585393432
"ZGOC","abroad","3897596377","4396041059","4084656939","4273454140","4562483814",23.3727880086188,21.8855094748531,20.7878704452991,25.9281167988033,27.6628756136796
"ZGOC","bc","13924698657","14591593488","15378634029","16593801070","17761937594",15.7823992720811,13.9540404562802,13.6425202755734,15.4464778237178,15.8719619615944
"ZGOC","mb","6973038523","6817857567","7020463818","7564055232","8034514158",87.1075136465803,126.671074076021,139.726097598287,216.497039800995,230.619221201448
"ZGOC","na","7007789880","6804126234","12823051774","6851369706","6351517267",18.5778315529395,20.5480566220244,22.7220997951862,25.8140985972273,28.9897122458084
"ZGOC","nb","4203963483","4320543700","4334034899","4627691726","4770859357",23.0969511066029,20.3978703083821,21.53056190716,22.2802893123836,21.8044069684036
"ZGOC","nl","2660305710","2664359567","2279337671","2528927968","2490740348",7.90002204297168,9.06290501737903,9.42069210228208,10.35470425944,10.6054336791391
"ZGOC","ns","5009325687","5044281917","5107689977","5241279808","5765371127",7.64538545460295,8.28302651619005,11.5229093809035,14.4488499529266,16.7484154663407
"ZGOC","nt","1421109292","1585674974","1619805748","1649058380","1803403725",5.02861779749765,4.66593581482735,5.56148869762603,5.99182515247116,7.50554495063292
"ZGOC","nu","1645882907","1662450529","1740376880","1778629942","1840452250",6.43990788991649,6.63827678539147,9.15973816840292,12.3386394466681,12.2207975719684
"ZGOC","on","44233218364","44474938221","46370029843","49391221787","50753614314",13.116036476365,12.5943485086342,12.6646886920829,15.6936117610702,16.7097909105079
"ZGOC","pe","924512316","936384265","922472336","1030649048","1047083073",0,0,0,0,6.73157295815445
"ZGOC","qc","31374295897","32231507033","32888030132","35276774693","37719710157",24.1968383728875,23.4405126607267,24.4084187087302,25.2781245411698,26.2967058959661
"ZGOC","sk","4507829604","4582598522","4445286991","4996879683","5415456415",31.9909191107661,29.9241068978763,25.6706575969809,30.5143093661306,33.0748702266536
"ZGOC","yt","1198081601","1205899707","1223499751","1270149030","1307986360",39.2978655193522,41.5322537491993,42.6285080698741,45.3220887359761,58.1454905169025