"dept_code","so_num","pa_last_year_5","pa_last_year_4","pa_last_year_3","pa_last_year_2","pa_last_year_1"
"ACOA",1,60225218.52,60097981.19,64562599.78,62183082.97,65243419.22
"ACOA",2,2409180.37,2220236.77,2532513.71,3058457.58,2862515.18
"ACOA",3,336301.10,456479.06,538196.63,568893.37,602364.11
"ACOA",4,4224627.34,4212973.11,4407057.26,3878473.70,3326243.74
"ACOA",5,2155881.85,2047412.60,2121194.34,2088671.15,1927012.86
"ACOA",6,455323.90,299718.12,341798.89,147203.91,258612.53
"ACOA",7,401037.37,406280.15,370407.31,363296.21,282985.20
"ACOA",9,647529.97,574167.09,583861.52,724371.83,902365.76
"ACOA",10,230745965.29,262479231.24,283971197.23,276137361.69,274953025.74
"ACOA",12,7902.09,-428977.33,-443230.08,447740.06,1301096.67
"AECB",1,99421007.86,99327024.30,112330497.10,109875551.16,111861954.99
"AECB",2,5165585.79,5026848.42,5613885.71,5621059.26,4622577.90
"AECB",3,1006173.23,1173341.31,1214980.26,965673.69,902611.80
"AECB",4,19124860.85,17084926.30,17113074.50,16041363.65,16807362.76
"AECB",5,4998912.71,5334022.34,4839946.96,4799281.01,4527726.63
"AECB",6,1393063.69,1670804.32,1302177.34,1453685.22,2496379.80
"AECB",7,754351.83,693062.14,600620.44,505282.41,504517.09
"AECB",9,4422952.53,4835365.75,3963883.42,7009642.36,2853072.02
"AECB",10,1636797.44,1868128.43,2603778.22,2598632.93,3153379.18
"AECB",12,44962.30,112507.08,210460.82,52933.93,235800.76
"AECL",12,491064000.00,784133000.00,826595000.00,829233292.00,868140000.00
"AGR",1,443070522.86,440958986.97,495272864.92,480672367.16,506975830.25
"AGR",2,12168426.76,14190482.49,17289946.98,14542070.04,13062362.99
"AGR",3,6441639.25,7533482.41,7834170.05,9494047.60,10244742.96
"AGR",4,108129157.76,112947119.62,106725233.29,102540107.29,107802349.03
"AGR",5,2793108.10,7090191.68,7717409.42,7286671.86,8539199.12
"AGR",6,17989196.77,14326028.84,12869357.27,13883557.60,12691767.92
"AGR",7,38248366.68,37106859.27,34925739.05,33814121.43,34416859.63
"AGR",8,33935527.37,65545306.56,32225038.59,25607444.26,16454867.67
"AGR",9,50776132.96,39207195.65,45358968.44,50024033.51,42233643.10
"AGR",10,1269908164.13,1573796728.55,1269797399.86,1427729233.63,1857133133.02
"AGR",12,8977003.71,362983440.11,12005787.70,45221371.04,9608816.91
"AGR",21,-47278642.33,-42809028.24,-39105202.98,-35114523.07,-31266662.68
"AGR",22,-16749011.76,-17966444.27,-18018935.28,-17754865.42,-19966386.91
"ATSSC",1,64259345.42,63670535.81,68136227.36,72324155.12,71420824.41
"ATSSC",2,2902706.54,3286265.04,3978811.34,3165203.24,3124204.02
"ATSSC",3,604730.18,735926.83,718007.59,874283.06,728215.04
"ATSSC",4,7071378.95,6893379.68,7157539.69,6792636.43,8607714.43
"ATSSC",5,1344165.08,1660556.74,3506977.68,3934117.71,3335746.20
"ATSSC",6,234443.22,517277.96,248146.12,3481903.26,397840.21
"ATSSC",7,629231.19,611669.78,520837.72,604922.13,553149.46
"ATSSC",8,,53879.95,1481596.94,2152918.39,
"ATSSC",9,1536952.11,1630526.98,2632946.65,2683762.38,892233.68
"ATSSC",12,232136.66,230227.27,311670.30,23255.08,164891.90
"ATSSC",21,-14840762.00,-11158404.00,-11561378.00,-11019774.00,-12442534.00
"ATSSC",22,-7122335.00,-7969835.00,-11616486.00,-15486393.00,-11733562.00
"CAS",1,49886533.14,50727120.86,54534635.77,58171628.06,64844354.24
"CAS",2,2567630.60,2727716.87,2800039.46,3207343.45,3119502.63
"CAS",3,451735.94,413118.51,560558.12,514581.41,510713.35
"CAS",4,10534963.79,8984232.53,10108148.54,10915617.22,14197893.33
"CAS",5,1631793.74,2021609.03,2724220.81,3060234.47,3076617.17
"CAS",6,395661.50,1096511.94,416369.35,1082720.32,892650.54
"CAS",7,2398075.31,2274303.77,2298560.56,2563490.53,2567228.06
"CAS",8,915428.86,1075081.63,2858662.39,1740023.30,2173485.02
"CAS",9,3446323.77,2729254.91,6406898.93,3802508.98,3827607.57
"CAS",12,66523.56,228298.44,82957.21,261132.19,116700.75
"CASDO",1,,,,,820761.04
"CASDO",2,,,,,96647.87
"CASDO",3,,,,,61624.73
"CASDO",4,,,,,1365653.88
"CASDO",5,,,,,111661.46
"CASDO",7,,,,,5758.52
"CASDO",9,,,,,9737.41
"CASDO",10,,,,,1488358.00
"CASDO",12,,,,,624.84
"CATSA",12,656747273.00,725303977.00,723429207.33,817770631.00,847862166.00
"CB",1,1824455.08,1785589.74,2036714.23,2416446.87,2944039.89
"CB",2,60131.56,57229.46,64319.81,66527.34,72879.54
"CB",3,150833.37,105051.04,203929.72,295057.60,132381.41
"CB",4,548619.96,685824.00,675601.45,583248.64,546806.10
"CB",5,87875.74,111353.24,88626.81,81867.36,86374.87
"CB",6,31647.41,230107.66,96562.34,58686.63,238812.30
"CB",7,51293.91,62677.45,38599.45,88799.04,13806.89
"CB",9,74063.36,52483.52,20440.85,133498.62,23117.39
"CB",12,-215.20,5411.64,6204.73,9466.02,11811.91
"CBC",12,1038023798.00,1113023798.00,1222083485.00,1210831413.00,1210797846.00
"CBSA",1,1359593648.91,1298263461.66,1292974241.35,1652501480.38,1518930401.54
"CBSA",2,43983028.07,36381513.52,45670433.73,52450544.84,54158786.98
"CBSA",3,1022730.35,805561.67,1039230.12,1555104.17,1819433.32
"CBSA",4,276274199.24,268959497.92,277803217.77,308314052.69,354296332.32
"CBSA",5,7556067.49,6882552.90,8510616.40,12758177.06,13592594.03
"CBSA",6,21195860.24,28602127.03,26220343.00,29789413.56,31038731.54
"CBSA",7,13066433.65,11691731.67,13104050.78,13292166.07,22166596.56
"CBSA",8,34702544.85,28181107.06,58061341.97,49995363.14,42220785.11
"CBSA",9,49989280.54,30661718.27,59727683.15,50030358.83,46381102.76
"CBSA",12,8777183.39,9649174.67,6464951.29,8372027.08,7710251.23
"CBSA",21,-19867745.64,-21127558.55,-21140768.11,-24121004.78,-27975008.62
"CC",12,182224388.00,222574389.00,258714308.00,292790894.00,327771295.00
"CCC",12,8880000.00,3510000.00,,,
"CCMD",1,66113723.91,59145579.06,56068977.24,65235967.96,69322585.61
"CCMD",2,2888816.89,1846558.26,2060634.45,2373953.26,2431085.20
"CCMD",3,682896.99,647420.67,793374.30,1207578.34,881061.21
"CCMD",4,15555873.65,15530167.71,12186304.09,13071261.21,11522441.04
"CCMD",5,2120368.83,2096692.14,738706.93,1076144.21,1097222.66
"CCMD",6,1143153.25,1468358.46,346541.59,257450.72,44155.01
"CCMD",7,433523.06,398426.34,372492.79,371653.59,317039.51
"CCMD",8,,,1215277.69,672738.82,238756.19
"CCMD",9,2575370.88,1653416.68,1128148.25,4290964.24,1163787.43
"CCMD",12,638403.36,-2381.03,1379176.99,-3322573.90,-5637878.53
"CCOHS",1,7620364.52,7963425.78,8088729.68,8249968.37,9094369.11
"CCOHS",2,271445.16,219895.61,197228.04,249681.45,280681.76
"CCOHS",3,81678.38,64759.09,79493.66,97970.93,82357.21
"CCOHS",4,1430977.64,1389496.76,1395085.33,1580731.63,1114443.68
"CCOHS",5,51949.70,28677.30,30417.61,47294.60,22075.60
"CCOHS",6,129883.04,146818.75,182253.47,229054.56,268144.99
"CCOHS",7,90992.79,63015.34,78367.80,87754.27,134516.66
"CCOHS",9,236058.53,54308.07,105397.04,17592.01,184401.18
"CCOHS",12,4767.43,,,,
"CCOHS",21,0.00,0.00,0.00,0.00,0.00
"CCOHS",22,0.00,0.00,0.00,0.00,0.00
"CCRA",1,3165393207.16,3495475224.94,3803613984.82,3539888526.45,3669463354.95
"CCRA",2,128558508.11,119404007.30,115605638.39,118376002.20,119381081.35
"CCRA",3,4651245.92,4014770.25,3343629.31,23406945.63,17282327.61
"CCRA",4,354205591.57,384790223.61,392319106.97,390870108.27,405245395.31
"CCRA",5,298384547.47,295181593.36,291966868.98,273549704.11,274241336.28
"CCRA",6,45914974.72,86964642.90,52345981.80,41726703.05,49083299.99
"CCRA",7,19890727.38,17493954.11,23323285.13,18827509.64,18012725.90
"CCRA",9,20303870.53,29198384.59,35011166.41,50026512.64,42237523.41
"CCRA",10,430654376.90,319549464.73,333553349.69,1002503765.05,2987167218.50
"CCRA",12,1434512.83,8048474.79,11696551.94,18072541.29,5590666.05
"CCRA",21,-143208576.00,-172114454.00,-169996640.97,,
"CCRA",22,-179195692.92,-198058524.04,-185015577.96,-356135261.01,-389493769.02
"CDC",12,3723258.00,3773193.00,3924160.00,3979440.27,3967223.48
"CEAA",1,22566966.20,26367460.26,28942495.18,31731833.73,44372083.36
"CEAA",2,756338.59,1476850.93,1029408.19,1360307.60,2103067.86
"CEAA",3,233895.34,643226.37,205123.04,321339.37,698519.57
"CEAA",4,4466382.60,4637544.74,5345147.99,5912041.88,9623121.63
"CEAA",5,138555.26,396273.80,262638.15,582511.14,739065.06
"CEAA",6,10329.28,10744.26,4550.19,119542.45,8657.26
"CEAA",7,117515.80,172178.61,112319.54,484771.11,209907.35
"CEAA",9,78577.66,741162.85,684342.10,1593082.33,863290.15
"CEAA",10,1684473.66,4578181.81,3827160.43,5089491.71,7388431.25
"CEAA",12,35398.15,302319.17,879383.64,1828699.04,143602.48
"CEAA",21,-788314.21,-614092.83,-1432108.23,-1459599.18,-2702848.78
"CEAA",22,-83816.52,-23850.00,-38300.00,,
"CEO",1,220649356.00,53495937.02,67288307.15,78567001.42,278197237.50
"CEO",2,46122852.51,5378621.16,6214585.80,10866459.42,47911394.86
"CEO",3,21362066.76,2546231.12,3864066.16,6047568.38,29872658.98
"CEO",4,42054672.42,26651997.10,36070053.52,53059381.05,51647791.53
"CEO",5,46993588.75,11508101.26,11828214.39,25264744.65,73304687.34
"CEO",6,1402485.85,1165.60,333230.62,451824.67,606093.56
"CEO",7,1523924.17,347304.68,820028.32,2636843.05,3361352.64
"CEO",8,52625.19,10800.00,6405.00,854998.87,2120923.37
"CEO",9,1142989.42,957040.20,2659901.63,4247786.27,3656168.89
"CEO",10,104994432.22,1211213.15,2231441.28,1489448.57,79779354.96
"CEO",11,,,,4599.66,4028.65
"CEO",12,107360.77,323312.42,169487.48,257816.50,434644.86
"CFDC",12,95453551.00,97453551.00,103572036.00,101898978.00,109378949.00
"CFGB",1,4845354.67,4537127.06,4404873.63,4853750.07,5246925.96
"CFGB",2,48648.17,40973.18,52206.30,37878.50,30483.04
"CFGB",3,46675.13,53633.71,23763.36,24330.89,55634.72
"CFGB",4,547018.94,601914.20,507639.97,623523.60,360334.62
"CFGB",5,645966.34,697323.41,685968.52,489299.24,521048.27
"CFGB",6,10710.30,9764.78,10280.14,4004.76,10018.36
"CFGB",7,15687.82,7431.05,6453.24,35548.26,14463.56
"CFGB",8,,,653904.04,94741.96,30051.14
"CFGB",9,86005.36,32943.10,380375.95,147329.72,102762.25
"CFGB",12,5530.85,4691.40,991.32,-517.50,4161.91
"CFIA",1,566995343.50,558160181.45,559615691.24,629729626.54,607402583.55
"CFIA",2,15759466.79,20402324.17,15916099.21,15588053.92,13468451.33
"CFIA",3,2065776.33,3212817.25,2986072.45,3254147.03,3286854.40
"CFIA",4,75695060.72,82200761.79,75916652.78,68935618.23,67067514.71
"CFIA",5,14859078.03,12871784.38,12585864.72,11337295.85,12017753.47
"CFIA",6,12182313.39,18865089.95,18334836.90,13050045.55,5962456.09
"CFIA",7,17713050.50,18756763.00,17660649.70,17983247.09,17534402.59
"CFIA",8,95229.00,155837.40,,21500.00,
"CFIA",9,19290612.67,17458157.70,16824294.48,20330367.41,12720571.26
"CFIA",10,18933442.86,42111439.46,7176595.98,4751306.63,7019521.79
"CFIA",12,5773153.24,11716703.57,12000826.82,7326083.13,5786634.02
"CGC",1,38700839.69,40023418.22,45030422.36,44834880.47,45054859.93
"CGC",2,3254568.50,3362584.32,3233178.57,3293332.85,2651805.72
"CGC",3,300883.81,329886.93,299675.14,270777.87,253820.05
"CGC",4,2876536.61,2806219.54,3093343.11,2799380.00,2973381.26
"CGC",5,5800211.79,5966379.44,5648729.97,5893978.05,5939899.00
"CGC",6,743824.39,2676169.66,2429926.74,2806723.32,2774780.81
"CGC",7,746555.11,1071686.56,1297067.26,1679115.67,1279338.72
"CGC",9,2852409.85,2556231.75,4759350.54,2521248.34,3036895.41
"CGC",12,31100.40,89241.73,201630.26,237239.40,106613.67
"CGC",21,-76516073.53,-78785537.68,-68368308.49,-61579882.13,-60688757.85
"CGC",22,,-669267.59,-588558.76,-603636.89,-677446.03
"CH",1,168250066.11,166092422.79,187078591.25,186363447.25,187572625.23
"CH",2,2898518.69,4112606.50,5303948.58,5052439.27,4662963.68
"CH",3,8115333.78,8431561.79,8617473.69,2042009.16,2715951.44
"CH",4,20990356.59,23255296.56,30750496.34,25466299.61,29918593.64
"CH",5,3274923.91,4499707.43,5950767.16,4416788.32,4017954.84
"CH",6,1136383.95,1060856.00,1203665.83,1726466.95,1361502.50
"CH",7,2879555.86,3942829.46,3750482.62,3374986.53,2902106.62
"CH",9,2703534.87,3889282.72,5420670.04,2932396.69,2990566.84
"CH",10,1038350745.78,1183586884.01,1259281099.04,1185376436.46,1321510547.75
"CH",12,1353205.73,4066722.29,2596968.49,2810363.17,1929355.58
"CH",21,-6417609.47,-6931357.24,-8077640.93,-6950206.50,-6252287.48
"CH",22,-2587692.19,-2738889.44,-2809889.36,-3047205.94,-2754930.00
"CHRC",1,19807633.08,19047910.21,20165694.34,20362205.79,22269951.22
"CHRC",2,855949.50,813888.63,803242.67,750491.70,789655.86
"CHRC",3,200884.35,135294.72,133948.91,145967.06,137762.08
"CHRC",4,1699762.29,1744188.91,1713790.83,1858579.46,2321847.00
"CHRC",5,375918.73,269182.62,314933.42,350134.74,351842.03
"CHRC",6,74744.28,95133.86,110595.68,24359.50,25342.64
"CHRC",7,154870.34,138908.82,132445.60,117209.20,122451.94
"CHRC",8,41039.18,354279.12,181669.93,157096.50,21490.92
"CHRC",9,430747.05,469169.03,1001889.22,556441.49,456432.16
"CHRC",12,7385.50,9942.38,385068.24,115373.63,33245.39
"CHRC",22,-1296780.16,-1397328.80,-2035983.59,-1725013.45,-1488208.23
"CI",1,523179693.76,527695607.62,605448103.87,653985713.82,714876251.04
"CI",2,54896061.13,54332684.85,59171630.49,45861672.63,43717795.61
"CI",3,9893746.62,8396860.33,8371462.16,8209396.73,8042884.98
"CI",4,389451706.09,391708867.52,483604980.37,538724318.42,660244026.35
"CI",5,24665133.17,25182931.75,28102613.94,24908738.41,27047918.15
"CI",6,6501164.72,8440869.65,6934335.43,15122458.34,6250660.31
"CI",7,34117296.95,34791551.97,40343840.62,22797235.87,28839186.11
"CI",9,13564587.30,10029137.55,13475437.47,21730623.02,10421617.84
"CI",10,1083445379.96,1187264670.87,1304457409.71,1437038723.61,1827665242.45
"CI",12,16936202.97,20739110.58,15781355.97,12173939.57,17402113.33
"CI",21,-616379739.11,-664585878.75,-644606574.87,-372870461.49,-280015568.92
"CI",22,-3773967.47,-3946165.02,-3835682.69,-3823602.30,-3892607.17
"CICS",1,2721658.81,2550556.21,2844613.84,2601962.19,2896596.81
"CICS",2,664824.48,731786.73,752392.95,731682.12,646237.90
"CICS",3,41487.12,32245.80,6493.50,29340.48,30355.45
"CICS",4,1197968.41,1397835.29,853434.61,1100299.49,1082806.43
"CICS",5,490314.46,287976.96,610608.61,597961.81,599483.83
"CICS",6,22626.72,11014.93,13057.09,22208.86,1263.25
"CICS",7,28403.44,40516.12,54929.78,24490.18,15785.13
"CICS",9,101260.26,173594.00,194981.62,162673.29,156644.32
"CICS",12,2007.21,16412.34,43214.95,-44.88,-3564.14
"CIHR",1,43855126.63,45392079.72,49124085.41,50261088.20,55518625.79
"CIHR",2,2584981.14,2479746.33,4639411.39,4543930.16,4663893.73
"CIHR",3,630726.09,588423.01,525711.97,515435.29,335929.74
"CIHR",4,4253285.19,5382728.77,4975114.35,4480913.36,4051030.22
"CIHR",5,1497278.60,1097804.66,1253336.07,1534552.11,1696886.64
"CIHR",6,91261.32,126284.79,35584.67,108709.71,93889.20
"CIHR",7,111463.13,208410.79,144402.20,138629.00,94972.44
"CIHR",9,519639.35,1782759.54,939176.70,1283866.78,714159.15
"CIHR",10,972822920.94,1024248877.44,1035405340.90,1087884192.83,1134827280.08
"CIHR",12,11470.57,23229.58,119020.98,175810.06,54186.33
"CMC",12,83587255.00,77746477.00,74013063.00,76246579.00,75728888.00
"CMHC",12,2008369383.14,3129131175.48,2689239573.62,2086437654.59,2215671739.03
"CMHR",12,21700000.00,33604000.00,25352335.00,25335980.00,26954953.00
"CMI",12,7700000.00,7900000.00,7962724.00,8241303.00,7905183.00
"CMN",12,26452593.00,29770297.00,33268608.00,31115297.00,29196950.00
"CNEDA",1,10495650.49,10850038.73,10182122.33,10353779.75,13543473.97
"CNEDA",2,911061.49,583779.21,798632.07,818187.42,1219047.46
"CNEDA",3,58880.09,44017.91,73739.36,63861.34,105039.52
"CNEDA",4,1998625.70,1909067.59,2027725.56,2324968.40,2862940.08
"CNEDA",5,876594.59,952322.07,932539.48,998568.76,1779838.13
"CNEDA",6,125035.85,26490.88,111597.70,133157.81,120229.99
"CNEDA",7,66484.01,71180.89,66489.40,85201.99,153588.07
"CNEDA",9,10723.10,38523.42,263210.62,165980.93,173030.70
"CNEDA",10,32291373.01,38647536.00,39552941.03,30740716.99,46756093.00
"CNEDA",12,113991.68,516092.15,411055.85,138591.74,449186.91
"CNMI",12,350859000.00,98967000.00,146682515.00,125945000.00,130903730.00
"CPC",12,22210000.00,22210000.00,22210000.00,22210000.00,22210000.00
"CPCC",1,3191400.81,4185959.00,6249613.10,7926301.82,9209039.86
"CPCC",2,752530.33,1243171.83,1819168.38,2043745.71,4235016.14
"CPCC",3,157822.62,177425.04,179129.14,225090.20,799989.79
"CPCC",4,1047899.70,1656781.02,1158455.20,2639328.97,3162905.27
"CPCC",5,362972.51,682956.07,1063094.30,1157279.92,1127269.46
"CPCC",6,2270.00,20760.66,5176.80,544595.21,2437120.46
"CPCC",7,478797.94,198371.39,290456.95,511383.59,1910690.50
"CPCC",8,,540689.82,,,
"CPCC",9,767353.96,68715.21,48450.71,599074.60,740620.90
"CPCC",10,2812970.74,7102736.00,10708350.00,8950441.50,6872370.00
"CPCC",12,619.48,-11087.66,6232.57,59429.40,82469.24
"CRTC",1,47651107.12,48071929.23,51160019.27,51420221.01,57847703.98
"CRTC",2,1338757.42,1642350.38,1362382.60,1450614.59,1636155.84
"CRTC",3,1083307.49,1049437.65,1266142.81,1244895.08,1473913.95
"CRTC",4,5523611.87,4889185.05,4209699.54,3625782.12,4650262.94
"CRTC",5,712555.66,1011375.78,855080.70,883141.90,1132841.61
"CRTC",6,201973.92,329723.52,427672.86,378953.65,436512.47
"CRTC",7,251483.29,251533.91,232461.73,216693.92,284158.92
"CRTC",9,899060.08,1581429.67,3313163.33,1974369.72,1617063.25
"CRTC",12,42474.37,249668.49,778123.24,208538.14,470508.04
"CRTC",21,-46705914.00,-47685088.00,-51560113.00,-50322766.00,-57489023.00
"CSA",1,66097395.51,67603502.87,78748995.42,77971798.99,81666436.47
"CSA",2,4114566.68,4254722.95,4740057.31,5093857.27,6063544.73
"CSA",3,11548077.00,2531867.43,3959159.82,3717189.59,2809832.95
"CSA",4,108989744.96,106606752.50,110485461.22,107810748.09,111592740.31
"CSA",5,3852850.44,3654487.33,3696524.24,3876546.14,3854500.39
"CSA",6,5212786.76,5482986.65,8762485.13,4668413.22,1673540.75
"CSA",7,1855285.96,1762735.50,2624484.73,2192168.55,2753869.12
"CSA",8,,,4342158.00,47483.26,
"CSA",9,163705328.65,138177377.46,72328456.61,40480243.97,51750741.98
"CSA",10,44567708.70,55515567.78,60947950.31,56376491.09,59582623.85
"CSA",12,2855313.42,2708277.27,2822253.99,3510659.45,2688260.09
"CSC",1,1662833842.29,1650851405.38,1848682781.16,1757110211.51,1830149830.84
"CSC",2,23090072.68,26097000.13,27659437.55,29735222.95,34011455.86
"CSC",3,678864.26,769049.25,674521.90,774253.26,899352.25
"CSC",4,314126655.42,324701836.44,351084357.84,368634938.84,398280271.36
"CSC",5,24557353.74,24774538.33,27762756.29,26986432.42,27022642.07
"CSC",6,32075130.76,36001447.02,43211238.26,37837673.25,39759431.87
"CSC",7,159612494.18,147033698.75,157048105.99,162491121.40,173311631.72
"CSC",8,119876097.44,101611728.87,117496958.53,143729860.62,107517712.94
"CSC",9,52492277.45,42813489.42,65015037.71,80335211.59,65918471.89
"CSC",10,5822992.47,4780075.57,2258552.29,1869289.72,2534421.73
"CSC",12,56726774.58,95558608.04,94311448.79,94080334.85,89605428.10
"CSC",21,-7336424.87,-13417698.79,-6918101.31,-5190304.44,-5249585.50
"CSC",22,-86771485.81,-78770777.41,-100175114.96,-109074181.17,-110939630.26
"CSEC",1,287118928.21,251997855.53,280151553.19,304554765.51,331545944.50
"CSEC",8,7720506.15,8358193.92,9048552.59,9795932.53,10605043.52
"CSEC",11,,,,66545042.75,65735931.76
"CSEC",12,325125892.78,330988325.06,333830515.15,312355778.78,367240889.38
"CSEC",21,-38702.50,-69156.00,-57800.00,-370570.00,-362852.21
"CSEC",22,-378566.16,-415025.00,-499339.31,-11225115.97,-13670333.34
"CSIS",1,341593115.09,342737650.61,383251475.61,376043621.57,372348794.42
"CSIS",12,194970732.42,246678543.93,203747478.52,210564333.66,238736299.04
"CTA",1,23827798.27,23237905.00,25542000.24,27752217.54,31132276.91
"CTA",2,471732.89,571177.74,477502.04,789475.06,605333.90
"CTA",3,228564.32,364894.61,346685.61,625881.34,425558.54
"CTA",4,2722753.07,1732810.06,1017118.67,1619339.84,1637043.07
"CTA",5,554001.26,649378.25,669499.85,805239.36,755350.25
"CTA",6,77651.54,44106.09,52080.29,127856.61,38980.27
"CTA",7,123803.21,103773.50,106095.25,142697.92,85928.55
"CTA",9,243835.06,234947.81,872006.29,1219156.81,604371.31
"CTA",12,4092.45,9084.06,64828.38,62325.94,-7056.97
"CTAIB",1,25061281.66,24819602.48,27576732.05,26081753.53,29365826.46
"CTAIB",2,1366159.65,1596562.33,1472996.64,1610175.81,1675920.20
"CTAIB",3,153130.59,138533.58,164074.61,163114.17,135066.89
"CTAIB",4,2150820.56,1791895.91,1554949.60,1777989.21,2565932.61
"CTAIB",5,417792.53,380907.46,380230.97,398217.41,459979.37
"CTAIB",6,402362.44,379628.00,370817.48,396532.94,391705.16
"CTAIB",7,191390.08,198200.18,193065.27,272142.13,223587.31
"CTAIB",8,20472.57,3773.41,33000.00,,5430.44
"CTAIB",9,237018.35,682701.55,662272.75,1415736.06,848479.00
"CTAIB",12,32061.68,939.56,1144.92,5241.11,28558.51
"EA",1,1105397573.61,1095065367.72,1174392448.50,1253718800.87,1315481351.56
"EA",2,111430436.63,106735263.73,125964503.04,148679429.89,151128875.39
"EA",3,11976072.37,14013081.03,19398545.36,25162349.58,22552579.92
"EA",4,247610412.46,259950001.26,272681465.84,298653456.97,330792276.94
"EA",5,203806079.62,197029493.73,187602892.44,213937078.97,199951904.41
"EA",6,27809833.72,26295946.50,27773180.35,32315078.88,30761976.40
"EA",7,46658262.72,42984310.51,46435590.29,46763107.84,45615277.73
"EA",8,62864811.89,93759186.98,64076024.83,48103015.24,26318502.95
"EA",9,51087211.15,48831044.81,71542492.75,91859297.47,73478269.53
"EA",10,4122657019.43,4314712271.23,4539007348.32,4831995434.75,4925246660.79
"EA",12,39851572.71,93981131.18,81699097.78,103513497.32,94298603.61
"EA",21,-32986573.30,-32266243.23,-35141608.10,-36264534.55,-37498868.32
"EA",22,-1310146.97,-1066048.90,-1144967.90,-1560711.51,-1224213.15
"EC",1,622022573.08,617119739.75,693841672.47,712103313.91,777563469.81
"EC",2,30175012.38,31991660.73,33994770.95,42002556.04,39722846.30
"EC",3,2753326.34,5185528.01,5294664.46,6121433.36,7120245.72
"EC",4,136118372.35,146699770.32,158380682.11,179144060.71,195531844.91
"EC",5,26404940.24,26031062.85,45563920.24,30955217.12,28096509.86
"EC",6,12829010.56,14217677.74,21085121.84,16602176.24,16116168.02
"EC",7,38672437.44,45977829.38,37479706.10,39113035.77,35955032.26
"EC",8,833093.49,804790.91,980490.55,958925.76,1630189.39
"EC",9,34591407.39,33973828.98,32364344.22,36059598.21,32681538.30
"EC",10,118868238.56,150907780.62,200135164.27,402863651.18,481634379.70
"EC",11,,,,505953.00,461245.85
"EC",12,4852808.30,9614614.88,13924037.26,6925998.22,6894307.83
"EC",21,-51924704.93,-51519270.82,-53080903.02,-56641059.39,-53526552.28
"EC",22,-25269119.67,-25136732.79,-25156804.72,-23360168.10,-24216605.36
"EDC",4,3521776.18,8210493.66,5588461.31,7409042.49,8589502.80
"EDC",12,178203.87,,45610228.99,1627722.11,
"ERC",1,1179300.77,1219096.66,1183520.30,1640962.83,2184542.39
"ERC",2,11644.06,7876.25,36631.77,39212.19,36207.18
"ERC",3,13774.00,20636.00,11847.00,8092.00,7326.00
"ERC",4,273603.14,254486.11,248767.37,427182.82,421556.90
"ERC",5,3023.21,3078.40,4371.91,5275.84,6943.03
"ERC",6,,,,,167472.13
"ERC",7,23973.28,13196.34,10683.35,29551.84,41402.75
"ERC",9,12651.02,2542.02,9746.18,20306.82,79164.30
"ERC",12,,3366.21,70856.29,140623.00,188285.90
"FBCL",12,20119298.83,41781858.30,20047537.82,3463981.70,
"FCAC",1,10761516.34,12045085.15,13983936.21,17066014.40,19872227.93
"FCAC",2,400193.15,491480.09,697242.38,560500.31,494847.20
"FCAC",3,648336.23,371840.58,1091573.80,771488.29,1494419.36
"FCAC",4,3151894.51,3167485.38,3720625.19,4612529.22,4801795.40
"FCAC",5,821377.60,908747.15,1043901.80,1284155.74,1645760.23
"FCAC",6,33246.54,3718.49,75803.87,138928.95,411556.60
"FCAC",7,78073.45,57925.20,68357.15,93481.23,163862.06
"FCAC",9,307602.10,241175.06,771603.40,967005.93,1324890.17
"FCAC",12,70325.44,139206.45,64796.45,50425.15,121832.35
"FEDSO",1,23661812.97,21752859.13,24647410.66,23114289.90,27918148.06
"FEDSO",2,766709.86,575355.53,787907.74,786271.46,837347.07
"FEDSO",3,335280.04,322364.15,278567.41,531439.29,512019.40
"FEDSO",4,4360010.46,4339883.77,3919809.19,4082801.32,4101880.56
"FEDSO",5,183907.41,133101.34,101731.83,153771.47,348046.10
"FEDSO",6,55016.95,28665.51,35473.48,20335.13,34053.58
"FEDSO",7,127814.33,72386.27,75984.64,90256.34,104711.16
"FEDSO",9,403949.20,549253.99,193786.05,513699.40,421385.92
"FEDSO",10,159879944.00,193845849.00,220105694.00,207203869.00,232999790.00
"FEDSO",12,22849.26,515893.65,104764.77,209065.12,227025.79
"FIN",1,83526673.26,81573755.68,89884927.02,97152878.94,100711367.05
"FIN",2,2609146.50,3099842.22,2901484.23,3706340.99,2695007.89
"FIN",3,8190296.52,3279112.47,2059998.83,2304040.59,1373503.94
"FIN",4,11045034.32,11171027.32,11967183.14,11541377.46,10625955.31
"FIN",5,1201063.66,1336474.47,1474916.92,2100803.14,1342238.19
"FIN",6,357850.89,372278.38,360952.12,436442.28,455903.93
"FIN",7,91063727.44,93961430.20,94439154.07,91075810.04,86628151.21
"FIN",8,248251.58,,,,1771.06
"FIN",9,889654.89,1991109.84,2120089.13,1600808.44,879437.53
"FIN",10,64105301900.24,67020968542.64,68970038016.08,71065432331.44,74049499272.84
"FIN",11,22644489702.30,21165999156.14,20838325403.07,22243872102.71,23788858934.54
"FIN",12,58490373.79,37909411.36,313146006.01,578487224.64,799609140.80
"FIN",22,-101516.00,-109903.00,,,
"FJA",1,504107986.35,510100322.23,527449782.06,554209472.38,582050315.95
"FJA",2,19897703.92,18484130.55,20005270.45,22010918.60,22677251.84
"FJA",3,72182.01,292938.26,187265.81,151075.39,148777.56
"FJA",4,12359264.61,13052376.70,14638696.36,12899674.87,16428651.34
"FJA",5,277325.47,323598.96,270700.32,304103.58,440035.81
"FJA",6,161563.99,136904.57,61498.48,27157.69,120541.87
"FJA",7,76252.73,82126.97,54567.11,60506.79,61119.81
"FJA",9,190433.59,194471.17,320759.26,151126.15,268143.98
"FJA",12,6312268.78,4172777.45,5501590.77,5702733.62,5903346.16
"FJA",22,-28150.00,-43200.00,-40200.00,-40200.00,-40200.00
"FO",1,898923867.65,910280832.02,1077924667.67,1164629556.12,1252467920.07
"FO",2,57603576.80,67109519.12,89825959.31,95230024.59,98900636.88
"FO",3,2089611.53,2555630.29,3133472.10,3645313.50,3526637.81
"FO",4,262047615.60,465058281.33,569448606.32,392895103.76,502600478.03
"FO",5,17183421.80,18802662.76,29763210.43,29692385.28,54284963.68
"FO",6,248487218.83,209191896.64,154461920.47,148556670.45,205227462.29
"FO",7,93864248.70,103098877.78,114580324.54,120447456.23,137703096.74
"FO",8,161944697.61,288622198.64,228015139.07,159276717.90,156183663.65
"FO",9,355005039.03,204029961.86,231213451.90,988200815.58,378913659.53
"FO",10,94266292.80,99552291.60,128862427.93,185375376.83,279057315.20
"FO",11,,,,654.65,79.94
"FO",12,21680228.59,25048041.23,35633200.07,36169975.48,111855445.45
"FO",21,-40291959.36,-40667957.19,-42398011.95,-41196980.45,-44650875.30
"FO",22,-5925.00,-4000.00,,-12000.00,
"FORDQ",1,33281641.85,33033321.70,36259906.24,34321342.49,37491902.60
"FORDQ",2,969922.47,983581.38,922963.04,990235.49,1011468.41
"FORDQ",3,299551.10,444528.96,229208.99,234453.93,340750.79
"FORDQ",4,4739107.27,4555030.99,5317346.25,5717395.55,4902523.24
"FORDQ",5,600720.57,624527.78,579620.26,681798.81,806628.07
"FORDQ",6,27722.96,20198.89,20877.88,41395.66,38691.94
"FORDQ",7,146975.24,236381.67,366655.46,195727.95,147715.09
"FORDQ",9,633878.12,1141317.23,880974.02,1009937.73,912945.33
"FORDQ",10,218493572.00,274425676.00,266825784.00,249854840.00,278837615.00
"FORDQ",12,3908.52,488068.91,25405.47,89715.92,132485.84
"FTRAC",1,38835143.94,38555079.25,41897062.18,39345622.67,41393675.08
"FTRAC",2,1145420.78,1213486.56,1379026.48,1187723.17,1224055.09
"FTRAC",3,304420.27,387241.01,379922.17,440910.56,428317.12
"FTRAC",4,5326687.26,5539400.13,4205477.88,2747650.15,3853820.46
"FTRAC",5,5740337.11,8404972.38,5534438.69,5599403.89,6046870.01
"FTRAC",6,640583.82,343844.50,279022.66,254994.85,909525.53
"FTRAC",7,338666.58,367910.14,427496.78,322009.98,360349.55
"FTRAC",9,2632594.28,575302.07,1070091.04,1462551.52,1059611.56
"FTRAC",12,-11462.87,19288.78,75252.03,30421.12,6541.26
"GG",1,15511009.30,15230586.89,16709887.64,15138886.48,16282597.93
"GG",2,1479630.11,1621615.31,1590934.33,1911985.35,1362109.52
"GG",3,522754.23,687235.23,537199.39,608238.99,758772.48
"GG",4,2119790.83,2223639.78,1967279.27,1879203.86,2013179.82
"GG",5,359597.14,399162.09,433285.22,447366.95,508677.17
"GG",6,10006.82,15963.38,20619.10,31593.09,57195.72
"GG",7,1046282.52,926153.30,919092.84,1133770.85,891317.78
"GG",9,607633.17,341726.38,614457.93,1231860.30,382358.20
"GG",10,560185.50,567469.20,647448.72,731662.14,747418.02
"GG",12,101202.00,649533.84,16357.16,62534.28,177377.44
"GSC",1,1129760478.58,1168485713.38,1355451605.25,1425862729.66,1585734310.92
"GSC",2,72967865.48,72455256.49,77894456.36,90907028.04,75259021.25
"GSC",3,27962853.33,20382093.14,20813111.44,17719251.65,18150361.14
"GSC",4,1659569855.82,1809797304.31,1979509820.73,2041181272.14,1934279792.26
"GSC",5,1226168816.63,1189517987.26,1219585787.79,1203112636.34,1194007892.71
"GSC",6,914312949.45,1152715553.61,1173131281.41,1263632404.32,1126358567.03
"GSC",7,239859161.07,233542751.73,242476534.53,254764893.10,255731055.06
"GSC",8,280170002.24,427275810.44,487802213.20,580234519.09,733006509.82
"GSC",9,73468977.94,118454891.76,132058309.48,162778219.19,150096975.63
"GSC",10,310.46,31455045.23,6789983.05,-3227257.29,324529.93
"GSC",11,,,,129069364.24,123231135.36
"GSC",12,615322296.73,560458372.90,570963054.17,378570072.92,369631744.57
"GSC",21,-435234893.41,-283891826.74,-397380673.07,-381663557.49,-391416168.62
"GSC",22,-2971012964.56,-3295222246.48,-3208187159.39,-3283864942.40,-3345708351.75
"H",1,890294087.12,888085393.85,920725012.29,798327294.89,880751550.92
"H",2,246599045.44,286506883.30,170806219.98,19423796.93,19671568.84
"H",3,10250680.00,13123433.01,17483633.76,31620444.99,34408424.82
"H",4,479946070.42,509666044.60,363599641.72,148005572.80,144381295.65
"H",5,15220422.11,16187275.91,18089877.11,16186022.94,18245786.73
"H",6,18031659.30,17178569.31,21262145.12,19569574.06,15519200.63
"H",7,521670563.24,556079903.49,371430278.38,22444987.70,21225173.03
"H",8,9271907.75,960152.52,4311105.84,6900162.27,4518376.87
"H",9,49500521.26,60724939.89,55530478.01,25340924.33,27312637.16
"H",10,1875611476.73,2031885417.99,1725221411.90,1412669136.55,1557681763.90
"H",12,3913416.83,16602440.66,28271429.12,7980446.95,96841100.70
"H",21,-223583691.87,-228048376.69,-188462402.81,-111563110.80,-114503666.13
"H",22,-15594005.95,-15734954.29,-17216118.16,-27156002.03,-30664143.68
"HC",1,318405026.29,336628580.68,384323804.93,386080482.73,403371435.83
"HC",2,32907604.13,41949943.31,39833682.07,42328045.89,36505622.38
"HC",3,5100271.55,8355934.51,10526589.29,10935301.35,10006844.44
"HC",4,20242608.82,26589275.29,28037130.90,27967089.92,25334031.35
"HC",5,17445140.81,18388104.06,20647335.32,19422240.00,19751058.21
"HC",6,4719285.91,4632852.89,8744591.13,5841406.05,6172633.19
"HC",7,6470705.76,10148140.05,11014018.22,11141955.11,9660047.65
"HC",9,17456211.83,16502928.51,16125978.45,14414615.89,19458267.71
"HC",10,1012033.34,977354.16,1022559.79,1041290.45,1111464.37
"HC",12,1184461.36,2413042.96,957705.33,863679.15,1128933.11
"HC",21,-622294.41,-4637843.53,-5356713.72,-5182822.03,-3904733.82
"HC",22,10313.00,-17053914.52,-25493971.46,-27440266.12,-22846600.79
"HRSD",1,1818157929.01,1890262179.46,2140105175.19,2108081237.68,2293629070.08
"HRSD",2,55908739.76,89849448.94,63054180.78,61509170.37,92439267.72
"HRSD",3,66601366.20,63819517.44,69899036.56,65866191.19,71709186.73
"HRSD",4,613405057.25,639467239.90,653412601.87,669091664.95,678084954.45
"HRSD",5,218035292.41,214255309.16,220854102.84,220267406.22,224211309.84
"HRSD",6,5480965.41,6572404.86,8535643.91,5111391.59,10694670.09
"HRSD",7,8599952.50,7548013.98,7692996.34,6014936.30,7831407.82
"HRSD",9,31150558.14,31247235.94,51287371.21,31384555.49,68741330.98
"HRSD",10,58432059775.96,55097526418.31,56596720839.45,59870389559.33,68188116417.84
"HRSD",12,174643602.71,228810733.17,242518820.19,212753956.30,59242455.78
"HRSD",21,-335328107.68,-345026563.52,-381184492.10,-393347748.13,-387498209.50
"HRSD",22,-1490687111.36,-1585366233.41,-1701648653.95,-1654971502.60,-1478438736.00
"IDRC",12,183478242.00,147474006.00,139951886.00,140366150.00,142907117.00
"IJC",1,3773485.70,3738456.29,4210661.78,4115167.26,4523368.86
"IJC",2,456973.85,626407.06,473147.78,451342.81,599923.19
"IJC",3,38705.28,64127.56,143091.63,119679.76,110399.95
"IJC",4,1806931.47,1579958.24,1761096.89,2418891.51,2895702.87
"IJC",5,465734.95,341248.53,442803.75,469827.44,564401.70
"IJC",6,,7430.89,8484.76,3393.72,6337.19
"IJC",7,29603.98,40588.97,63776.34,27749.21,22406.75
"IJC",8,,,,439411.90,
"IJC",9,41139.52,48224.56,311592.67,451510.72,192079.97
"IJC",12,6148.02,4181.00,4633.00,5631.15,17058.22
"INAC",1,425412886.35,434077850.69,421923242.04,306579928.15,219775810.75
"INAC",2,27350045.76,24742421.24,21852833.66,19112477.48,12156936.76
"INAC",3,9306201.10,7142243.69,6405084.97,5913287.57,6759519.69
"INAC",4,280511818.31,266655100.80,270187716.94,268319762.96,170645524.37
"INAC",5,16498111.70,17583174.27,19896309.09,11904141.86,6390890.78
"INAC",6,1717024.64,1539841.36,3151223.11,3871947.72,857929.38
"INAC",7,3460989.35,3695271.69,3906221.57,3970911.85,1600062.70
"INAC",8,51743011.97,42856736.23,19925302.27,5377296.93,2662710.33
"INAC",9,6402412.54,4999405.38,7688358.73,4415786.51,2347331.00
"INAC",10,6572292948.04,8144984804.46,7157581496.11,3561241068.10,2802810710.89
"INAC",12,563047576.02,186492594.79,99274310.55,242279727.26,3012349361.95
"INAC",22,-2448360.00,-2264394.26,-2370003.69,-1329031.52,-403640.47
"INDSC",1,,,164404636.11,443994553.33,586475618.65
"INDSC",2,,,146092901.21,324894045.48,355526919.02
"INDSC",3,,,333698.08,1805023.61,2475564.28
"INDSC",4,,,194214203.66,504514262.82,577041516.26
"INDSC",5,,,903123.00,11499183.33,15719924.61
"INDSC",6,,,1427219.46,3815698.20,3842973.60
"INDSC",7,,,178116530.70,500927695.92,544349057.62
"INDSC",8,,,,28914.46,213040.93
"INDSC",9,,,19860827.70,53166995.13,56665940.59
"INDSC",10,,,3547984529.90,9787946287.27,11159427002.91
"INDSC",12,,,47490716.11,17889420.72,7270883.40
"INDSC",21,,,-13032106.17,-63464621.10,-33377027.65
"INDSC",22,,,2323.94,,-1082477.00
"INVIC",1,,,283980.11,3263522.70,6576495.85
"INVIC",2,,,14040.59,774063.46,1295348.11
"INVIC",3,,,769252.74,1160792.46,6867694.35
"INVIC",4,,,483150.88,3450117.43,8319241.62
"INVIC",5,,,321197.80,267134.63,812289.63
"INVIC",6,,,,3065.88,13213.09
"INVIC",7,,,144.17,97222.15,131362.94
"INVIC",8,,,,1339644.83,759846.14
"INVIC",9,,,160916.71,363377.97,1286678.91
"INVIC",12,,,0.00,-6.97,34279.52
"IPC",1,26790561.78,27015056.57,29337953.30,28618231.11,31634525.77
"IPC",2,782849.97,890966.34,786802.00,798749.36,823179.95
"IPC",3,616374.06,831436.85,738182.11,585857.61,597997.13
"IPC",4,3932807.21,5248089.35,5313604.29,6768210.40,6528765.26
"IPC",5,809960.98,910730.60,781339.41,1092517.57,1259382.10
"IPC",6,112705.28,190848.25,89941.14,104267.57,89581.88
"IPC",7,223368.51,162798.78,164289.35,218487.81,205713.38
"IPC",8,12288.00,23747.24,59279.79,176528.27,346003.81
"IPC",9,1291514.87,998455.97,1651699.78,1002277.93,962398.62
"IPC",10,468817.27,489416.10,475745.46,498480.41,492608.43
"IPC",12,3403.02,61048.63,69581.50,48849.40,177313.39
"IPC",22,-25000.00,-138607.13,-150408.88,-173665.00,-193662.08
"IRB",1,88326967.99,92590401.86,107578136.04,122765818.55,154429149.72
"IRB",2,1956775.56,1987045.36,2791307.61,4584556.83,6257040.03
"IRB",3,337763.97,326673.52,467129.91,512368.61,430109.72
"IRB",4,17523341.36,16654909.51,15824380.38,20557705.02,25348545.83
"IRB",5,799360.78,1034098.10,941913.82,1290461.43,2189226.87
"IRB",6,1118291.85,606069.38,823489.97,3118482.56,2551998.42
"IRB",7,541664.27,527243.02,504730.34,683914.62,719235.01
"IRB",9,1663584.03,1234292.39,1658191.34,4000510.21,7042685.06
"IRB",12,129423.49,538733.59,1103103.47,844816.83,1439314.11
"ISC",1,480642938.28,477196396.30,531174315.03,540300757.11,582402244.82
"ISC",2,11496129.47,11921391.33,13461307.46,15921378.42,15092731.34
"ISC",3,9071472.65,8974358.06,9951651.26,14265452.95,10971841.37
"ISC",4,85412080.15,120779443.20,137973003.47,147440953.32,179645108.27
"ISC",5,18822360.57,16257408.97,16352817.42,19828527.93,24564241.45
"ISC",6,9465850.23,11078105.91,15925113.21,8455135.06,6521080.79
"ISC",7,5996254.28,5855740.89,5916040.83,5636905.44,5373263.82
"ISC",8,,,,21455.72,
"ISC",9,15342398.34,15818373.73,24738943.74,23684933.76,9988449.57
"ISC",10,757786716.41,1668355179.39,1856183510.89,1767051676.93,1823969923.13
"ISC",12,2755531.42,4194887.61,5375336.10,4627170.70,7222208.77
"ISC",21,-216936369.43,-217240995.44,-218644478.21,-228278389.89,-238445879.10
"ISC",22,-10020865.31,-36276505.00,-42469279.09,-42954886.20,-41197629.79
"JCCB",12,247328089.00,284286531.73,179229642.25,166797775.30,155646770.95
"JUS",1,549538114.88,546677860.46,552182057.12,626081787.41,629364141.26
"JUS",2,9098024.89,7717268.05,7378710.11,9711953.00,9987263.76
"JUS",3,3182164.95,2740229.35,2711943.81,2636361.09,2647111.42
"JUS",4,35426454.60,34991490.20,37763406.89,39582864.21,37922551.46
"JUS",5,7683503.57,7821852.91,8367674.83,7296056.90,8177454.59
"JUS",6,2829934.59,3798773.69,9081072.83,7536486.15,5874628.15
"JUS",7,4110564.52,3678716.98,3579434.03,3692155.33,3099503.33
"JUS",9,5722081.27,4324503.02,4817572.89,11393009.60,7950187.24
"JUS",10,349694922.68,374462688.05,387257143.72,400194749.82,440049590.97
"JUS",12,9459514.61,9901132.98,10174837.01,10797534.16,12881703.81
"JUS",21,-692511.25,-709291.34,-460534.99,-344099.90,-1059103.82
"JUS",22,-292832962.41,-305585777.99,-315851247.35,-329771513.02,-344173998.23
"LAC",1,75334755.37,76968801.17,87967134.16,86991950.17,96012423.97
"LAC",2,980682.75,1229630.81,1151100.75,1408738.12,1121701.94
"LAC",3,254850.82,824566.07,417270.28,1179905.04,296067.74
"LAC",4,7113512.41,14326465.69,13180302.38,14496572.52,15331482.78
"LAC",5,2326405.15,2739700.94,4922845.27,3658313.17,4239399.81
"LAC",6,1337792.36,4728297.77,1387835.93,1285174.55,971246.16
"LAC",7,1394926.08,2693237.29,2785749.67,2698985.23,2448994.23
"LAC",8,,2021595.41,6050926.01,3694983.48,4828533.38
"LAC",9,2224586.03,2081600.56,2506447.87,3011311.08,2236838.44
"LAC",10,1524050.34,1538006.89,1526923.76,1500000.00,2714945.74
"LAC",12,125598.50,5663621.52,5903589.82,5270477.08,4669668.88
"LAC",21,-169947.11,-142116.23,-194774.35,-190273.77,-165983.59
"LAC",22,-995600.30,-172770.27,-188602.57,-375972.80,-351124.92
"LDC",1,,,,120222.74,868996.08
"LDC",2,,,,13295.35,78138.02
"LDC",3,,,,102.00,1716933.72
"LDC",4,,,,7450.26,1051197.21
"LDC",5,,,,686.98,
"LDC",7,,,,36.14,124.30
"LDC",12,,,,,17480.23
"LP",1,35015984.09,35122188.01,37113701.20,38522878.62,41653331.17
"LP",2,498171.70,555216.88,599067.51,690641.20,613733.10
"LP",3,592517.34,523134.75,439635.64,583085.66,625986.78
"LP",4,2533855.36,2470251.55,3058546.49,3358259.13,2259855.49
"LP",5,708182.61,701743.55,750644.51,729994.33,754518.93
"LP",6,16247.70,33198.48,30712.87,122966.56,185895.77
"LP",7,2451321.34,2621464.42,2892929.53,3616454.78,3414080.72
"LP",9,500264.14,1171534.31,1718175.60,790585.97,434112.61
"LP",12,-28913.27,-29752.74,-26783.66,-18520.68,-27090.14
"LP",21,-669007.20,-727312.63,-944517.21,-866954.91,-635280.79
"MPCC",1,2801494.71,2815671.41,2949965.56,3285521.70,3417938.55
"MPCC",2,118602.01,98514.12,193748.61,161192.32,118222.62
"MPCC",3,55402.84,134454.07,69552.84,87751.66,51041.92
"MPCC",4,822174.02,494800.63,736261.39,794951.04,707728.06
"MPCC",5,413767.87,392176.10,366532.69,370898.93,374126.67
"MPCC",6,250.00,2201.78,7778.20,7145.50,4459.17
"MPCC",7,51599.30,79389.83,39460.90,18174.54,15378.43
"MPCC",8,907586.75,,79083.04,11434.77,
"MPCC",9,236711.61,104328.36,95801.87,40060.89,44851.19
"MPCC",12,-350.42,-2006.25,-2486.63,-1626.82,-2514.66
"NAC",12,54897056.00,135309431.00,141324356.00,35439021.00,35270142.00
"NBC",1,3929357.72,3976563.88,4295450.90,4415724.74,4515469.77
"NBC",2,105532.51,117583.73,119414.62,140741.88,126126.08
"NBC",3,316940.42,279526.22,233493.30,275761.06,271574.95
"NBC",4,638478.11,810577.71,859641.08,1079492.74,1360508.93
"NBC",5,70986.65,91933.56,79901.82,61648.12,67134.26
"NBC",6,512878.30,798403.37,666826.18,936301.96,561061.34
"NBC",7,584199.64,707913.66,630638.15,654990.99,600288.93
"NBC",8,4566123.51,812770.70,69877.76,326189.01,
"NBC",9,319967.53,369720.95,191811.56,372528.64,165479.04
"NBC",12,2455881.33,1358581.10,2604628.14,2595338.13,2710708.30
"NCC",12,91009322.00,90623439.00,89630228.00,109488016.00,137479937.00
"ND",1,8986226701.61,8958405753.82,12005390345.80,9794735019.50,10544667566.54
"ND",2,744258308.53,794527605.65,750224746.36,826985225.58,773825134.33
"ND",3,15859003.57,14963517.81,18463612.94,19857783.99,19055224.53
"ND",4,3356866987.96,3511997511.07,3955502989.09,3669840116.27,3721270526.73
"ND",5,367941121.83,367506435.70,394386047.82,540361707.45,554206885.56
"ND",6,1443088989.24,1386494645.99,1404018282.13,1536549481.89,1719279637.79
"ND",7,983526974.52,909758769.74,994625928.16,1082054836.27,1155422903.83
"ND",8,481872100.78,520388908.34,491860190.77,516803114.84,464384120.05
"ND",9,2340703080.42,2230147019.32,2884455929.26,3545656552.76,3724899259.52
"ND",10,153575770.58,152945907.69,154644493.77,209311806.82,223881760.22
"ND",11,,,11560803.49,8753200.04,3844376.23
"ND",12,208390831.79,205400741.57,205811507.87,245484799.60,292671870.94
"ND",21,-395368733.43,-428175951.39,-377375012.60,-364428934.23,-343268965.15
"ND",22,-20867894.73,-18207335.91,-16483143.98,-16022798.34,-14701964.27
"NEB",1,62418715.72,63767321.32,70794609.50,69032988.18,78350436.68
"NEB",2,3275665.58,3620962.60,3369684.41,3637765.74,3213839.34
"NEB",3,340045.85,533781.71,373632.11,290312.54,447365.94
"NEB",4,9924321.74,11150922.01,13036450.17,12461045.08,12233193.64
"NEB",5,990287.88,623725.81,502821.68,551379.15,442803.59
"NEB",6,756453.31,1181717.35,890411.16,1092271.32,980415.77
"NEB",7,538699.45,693580.22,699624.16,462790.77,428379.19
"NEB",8,107803.01,128964.50,299038.74,19917.64,40053.72
"NEB",9,1131661.03,1982267.77,1369718.64,809854.40,333503.45
"NEB",10,3002691.89,794358.58,2476557.87,5089723.34,1495616.96
"NEB",12,14832.50,139216.39,20441.67,14657918.84,31381.92
"NEB",21,-104610.45,,,,
"NFB",1,36501634.18,37456592.59,40760903.72,41676450.52,44016066.63
"NFB",2,3115428.14,2959535.27,3054112.62,3029152.19,2736012.46
"NFB",3,1162305.83,1287585.86,1600857.99,10120427.76,1654931.59
"NFB",4,10779087.72,13231583.66,15454851.85,5334424.69,12221358.65
"NFB",5,6940261.89,6540924.76,6723365.04,6290897.11,7820403.76
"NFB",6,1361685.17,2200902.90,2259983.67,84285.22,2291727.44
"NFB",7,48726.52,588006.26,541136.83,356153.33,404029.04
"NFB",8,,,,,0.00
"NFB",9,1689196.37,2547725.48,3453188.71,1494065.68,5466193.42
"NFB",12,1478965.50,1398525.67,22233.92,6281770.73,4128791.31
"NFB",21,-3028441.92,-4238191.88,-7204637.99,-4132493.10,-4829210.55
"NFB",22,-127660.79,-58764.91,-311705.38,-25000.00,
"NGC",12,45776761.00,46127385.00,49413243.00,51461041.00,47170830.00
"NMST",12,59600577.00,108103274.00,145277576.00,30242918.00,30936832.00
"NPA",1,239311.20,24698.41,31508.34,28395.64,28975.21
"NPA",2,3947.69,1907.50,3218.11,3288.58,692.82
"NPA",4,202169.73,217971.01,180968.59,188218.05,198594.16
"NPA",5,10280.06,9753.48,9853.92,10004.58,10205.45
"NPA",7,371.79,,257.42,574.01,
"NPA",12,-25.92,,5315359.96,,
"NPB",1,43812998.02,43668091.75,45844084.68,47703550.92,49260852.34
"NPB",2,2271214.63,2136879.83,2659902.31,2620755.04,2505149.67
"NPB",3,301026.35,86949.09,27777.89,61489.18,97401.88
"NPB",4,2824396.94,2761736.30,2330821.46,2379636.12,2766033.35
"NPB",5,122022.12,133850.48,125257.02,161661.19,255233.93
"NPB",6,398808.32,779606.24,735534.40,65255.89,51386.31
"NPB",7,222250.44,149734.01,163082.13,180417.32,168695.01
"NPB",8,,,,723915.16,28354.11
"NPB",9,479317.13,576080.02,717419.20,667266.24,488683.30
"NPB",12,82375.27,389333.68,248474.80,151470.66,341870.98
"NPB",21,-4183470.00,-3856820.00,-5122530.00,-4961148.00,-4474870.00
"NR",1,405753035.46,400298652.70,439694295.90,447802329.14,488054907.70
"NR",2,14079060.12,14359515.59,18277041.30,19591468.47,17164918.87
"NR",3,6220883.00,10228403.50,8060875.75,10262120.85,14417796.15
"NR",4,203559780.02,103108634.13,102364738.03,114837628.82,105896838.08
"NR",5,32598640.98,23316637.80,12610320.79,17624576.39,19252060.37
"NR",6,16668200.21,15577966.24,6718156.12,6776873.06,7008697.86
"NR",7,27852518.30,26516575.93,26379538.37,23213922.71,24829275.57
"NR",8,1918733.77,33449710.99,37910904.04,14838683.36,9914071.83
"NR",9,20888017.77,28435706.72,25153012.98,23560532.37,18559522.41
"NR",10,601653897.93,709791415.83,905717222.69,739093921.78,1768559618.06
"NR",12,34822248.82,22325942.04,9739387.40,9552459.45,7268530.38
"NR",21,-27037566.00,-23550967.55,-20262077.96,-17981493.51,-20400812.38
"NR",22,-3798780.95,-5859280.27,-6111200.62,-6206045.66,-5734498.22
"NRC",1,396215877.27,407904331.57,429130295.57,462248569.37,488198654.46
"NRC",2,14866411.47,16420640.03,16473606.75,17743188.75,17215372.15
"NRC",3,1771004.91,2037159.14,1680962.02,1906301.60,1872867.18
"NRC",4,47454113.36,62568063.75,75287211.98,85814544.89,84585014.77
"NRC",5,8796965.78,9216070.91,11251597.47,10726323.34,10517473.95
"NRC",6,25406068.17,29750665.27,21576970.03,23008221.70,22008924.62
"NRC",7,46593573.19,46378581.19,47686721.62,48269606.29,45303207.56
"NRC",8,23779237.55,41510155.04,44501869.17,25733638.38,25901405.71
"NRC",9,60508607.92,70100653.65,56111721.89,61471356.45,64575083.24
"NRC",10,302516706.06,343050126.51,294036926.23,389217994.76,435225394.34
"NRC",12,17169029.23,19804017.99,18785554.09,19064106.42,19198467.40
"NSERC",1,37723971.65,38385602.02,43714152.18,42917699.88,46761102.54
"NSERC",2,3035173.60,2861482.29,2865097.70,3517799.49,3269356.63
"NSERC",3,945332.82,1566978.50,1280921.94,1225285.88,1083752.30
"NSERC",4,3759593.57,4360360.37,3716206.07,5397558.07,7599688.34
"NSERC",5,1046014.97,1038194.45,909980.06,1075677.96,1771054.84
"NSERC",6,125065.70,247305.43,184000.16,114492.53,156812.71
"NSERC",7,156325.85,134711.80,108359.83,127244.54,89145.94
"NSERC",8,,,4340.10,229435.88,72074.11
"NSERC",9,679388.40,518487.99,705630.50,1519417.45,1653823.31
"NSERC",10,1068045169.02,1142066653.15,1165593171.02,1273974633.51,1296861359.75
"NSERC",12,137158.64,81117.46,60028.85,50659.31,47181.17
"NSICP",1,,,211090.56,1363017.90,1514628.24
"NSICP",2,,,9392.98,50489.03,35899.06
"NSICP",3,,,4608.00,41411.18,17474.25
"NSICP",4,,,24253.44,702627.28,961892.62
"NSICP",5,,,,46907.50,84392.77
"NSICP",6,,,329622.46,1310068.68,27369.68
"NSICP",7,,,173.20,9271.49,6025.41
"NSICP",9,,,,108501.72,44513.97
"NSICP",12,,,,-22.86,1346.75
"OAG",1,67968867.08,67745542.48,70700713.60,74353858.90,74461664.41
"OAG",2,3285516.85,3215243.67,3468648.99,3842087.46,3775158.44
"OAG",3,686363.19,657165.34,640371.47,732923.69,798292.73
"OAG",4,4767397.18,5587189.77,5631783.37,5856618.48,6814205.58
"OAG",5,1066175.71,1273796.10,1156142.81,1137683.88,1277989.09
"OAG",6,309325.36,310283.54,159365.31,184452.40,207904.72
"OAG",7,223434.44,251904.61,209654.22,202574.45,216473.78
"OAG",9,801017.45,482213.29,851294.58,1952018.83,1461231.95
"OAG",12,56642.03,9033.48,10288.34,118203.04,17766.59
"OAG",21,-1481663.76,-660159.72,-398398.14,-378555.37,-1376200.04
"OAG",22,,157012.49,,,
"OCI",1,3897075.10,3827225.24,3857321.96,4184187.38,4404140.07
"OCI",2,294671.31,284115.57,264779.35,279132.74,275106.53
"OCI",3,33760.81,48164.45,42125.11,61980.57,43102.25
"OCI",4,287014.86,263070.21,291244.34,332145.49,396549.46
"OCI",5,17752.84,21156.27,31488.68,21237.64,26048.87
"OCI",6,2522.98,1907.50,908.85,8391.21,11731.22
"OCI",7,24931.23,26628.00,21147.92,13447.08,18067.17
"OCI",9,12145.04,22917.21,24523.52,24153.11,89602.00
"OCI",12,273.02,197586.56,316907.51,276611.65,176610.06
"OCOL",1,15869235.14,16213695.47,16792747.82,17316714.46,17341290.74
"OCOL",2,596180.97,537010.72,625785.45,559834.76,569522.23
"OCOL",3,151184.90,186564.12,268708.13,127876.53,142746.50
"OCOL",4,2703955.07,2644831.18,2398904.96,2330267.30,2083085.46
"OCOL",5,386161.62,269036.72,319594.19,324618.33,236394.19
"OCOL",6,176575.42,156471.75,188957.32,271158.71,386090.31
"OCOL",7,112296.44,97182.42,106064.39,90957.68,82665.68
"OCOL",9,234253.80,329817.90,335129.02,691718.56,910501.23
"OCOL",12,187.11,110.09,11698.75,189373.51,-121056.27
"OCSEC",1,1294749.23,1273763.37,1237864.04,1336901.91,1367369.14
"OCSEC",2,24919.30,27718.20,25788.39,79058.69,45936.27
"OCSEC",3,20262.44,20216.49,38154.58,36620.52,21856.45
"OCSEC",4,343398.97,268548.45,286523.07,325551.12,350111.38
"OCSEC",5,317032.90,318918.80,321672.78,296947.54,300285.04
"OCSEC",6,1292.08,2159.09,1649.16,1714.75,1308.64
"OCSEC",7,18444.89,18704.99,19032.63,21034.83,16004.60
"OCSEC",9,14640.30,72884.34,18451.40,6654.45,4894.00
"OCSEC",12,137.40,1464.34,17925.33,18912.50,
"ODPP",1,123718623.18,124360107.34,127473416.74,137092360.05,136770240.32
"ODPP",2,7744598.49,7738652.75,7643733.37,7581496.23,7457209.10
"ODPP",3,560960.85,639096.12,531831.83,408318.35,536736.77
"ODPP",4,49636735.57,52724783.43,52470959.20,53811234.42,55234430.58
"ODPP",5,2120770.41,1898380.13,2140113.75,2287659.11,2119563.91
"ODPP",6,627297.90,648522.77,1787030.12,3972553.01,866148.71
"ODPP",7,1470499.94,1477472.93,1578805.03,1456971.81,1562486.78
"ODPP",9,705814.35,1081667.90,1385260.96,1669748.58,2233163.71
"ODPP",12,3869650.29,5028221.50,4116660.25,4604816.62,3078179.03
"ODPP",21,-219549.98,-159650.44,-207588.85,-228289.00,-288644.60
"ODPP",22,-18110815.36,-17852457.14,-17419606.97,-15888544.56,-16637709.64
"OEC",1,4674606.19,5034065.36,5367475.72,5457328.06,5557989.64
"OEC",2,41915.95,42274.75,48423.98,60927.35,45808.88
"OEC",3,4300.60,18544.20,1935.85,8420.93,11724.17
"OEC",4,844393.17,868947.13,623822.26,812309.21,1066542.94
"OEC",5,63434.91,59959.84,60962.26,7796.50,9416.73
"OEC",6,24542.18,1636.07,5585.12,8182.36,1064.29
"OEC",7,37274.79,45279.85,50442.53,56492.98,53091.91
"OEC",9,68230.56,145877.61,398497.57,104954.05,139974.45
"OEC",12,-560.35,16316.76,81276.70,1353.31,574.14
"OICC",1,38624598.77,40712239.51,49551858.52,58616839.83,70696289.01
"OICC",2,619461.67,675901.55,987705.97,1331111.90,1450528.00
"OICC",3,262507.38,350066.58,384388.63,520214.77,555513.34
"OICC",4,47437653.29,39389917.55,51184895.78,48732186.15,56241532.26
"OICC",5,1640245.67,1847562.31,1887160.02,1301081.63,2639471.92
"OICC",6,1493987.56,2044063.95,2320987.37,1952622.54,8886631.23
"OICC",7,131210.40,124079.75,119445.78,140807.94,163359.57
"OICC",8,20732828.11,868518.00,546526053.71,89165838.19,1181509685.32
"OICC",9,1398935.27,1388387.67,1372001.42,2332983.43,489990.90
"OICC",10,3077975645.22,3119709208.87,3608705631.79,5449773452.51,7616737618.02
"OICC",12,124683.03,656326.78,63256879.74,384592.77,9496933.47
"OPSIC",1,3018527.89,3080616.01,3646484.68,3733153.77,3807246.20
"OPSIC",2,91872.83,108880.63,103012.56,105578.23,176369.47
"OPSIC",3,77304.86,38018.71,71185.04,33543.22,34070.87
"OPSIC",4,857411.54,777250.37,944692.81,875459.90,839720.92
"OPSIC",5,223817.59,130268.01,41372.72,34669.96,54973.28
"OPSIC",6,4315.39,3969.99,2119.66,1299.57,4270.78
"OPSIC",7,5417.63,27037.34,18466.09,4539.65,23659.23
"OPSIC",8,5028.34,,,733634.34,179356.92
"OPSIC",9,37087.92,122913.86,60564.36,58597.90,186506.09
"OPSIC",10,21431.61,25156.79,48209.48,30147.60,22361.64
"OPSIC",12,111341.80,9586.64,13725.23,10488.28,70065.55
"ORL",1,3040434.04,3045753.02,2907326.62,3156014.40,3064312.48
"ORL",2,62712.96,78341.61,80982.34,72571.46,74159.24
"ORL",3,48672.62,57259.92,48081.29,18245.79,19574.23
"ORL",4,1097826.98,1243539.74,1417152.17,1301488.64,1275110.43
"ORL",5,69279.22,39949.37,31589.70,48162.85,30855.50
"ORL",6,6514.97,5002.34,3583.81,4075.10,5114.36
"ORL",7,20947.01,13856.14,17698.40,17253.93,18568.62
"ORL",8,,,,395309.00,228372.82
"ORL",9,31012.75,52529.84,252515.18,299678.92,115853.06
"ORL",12,56.57,346.26,13015.70,-3186.05,-2811.74
"OSEO",1,690092.90,703302.26,809158.78,809472.00,867351.94
"OSEO",2,3841.70,6508.27,9288.44,11232.55,13334.54
"OSEO",3,15.60,462.76,,,15.66
"OSEO",4,55492.64,169839.21,187062.85,304786.47,164187.31
"OSEO",5,10489.82,10881.30,561.77,3633.60,816.84
"OSEO",6,139.43,183.55,88.90,,42.30
"OSEO",7,4776.17,5341.19,5665.81,6587.89,8330.37
"OSEO",9,1451.69,26001.66,3062.92,5606.00,454.00
"OSEO",12,-10.61,-49.32,-47.03,-39.08,-32.55
"OSFI",1,108775224.53,112628864.23,117114010.93,128602990.41,142158412.68
"OSFI",2,4049408.49,4136449.30,4137888.37,4422894.43,4733422.65
"OSFI",3,1200264.21,1343352.78,1478526.13,1541948.94,1720582.31
"OSFI",4,12764937.29,13463510.37,14713505.32,16600640.48,24210466.69
"OSFI",5,11792154.43,11253848.04,11381972.76,11736566.53,13101578.69
"OSFI",6,737051.59,728052.12,835365.88,925580.42,1060220.83
"OSFI",7,368071.03,370630.92,329866.57,301332.44,591698.58
"OSFI",8,1772620.49,1485449.94,938307.20,610255.58,1584550.16
"OSFI",9,2726414.93,2570644.11,4025418.77,3540265.68,4391771.23
"OSFI",12,32429.63,40574.60,47602.78,742.48,81430.58
"OSFI",21,,,,127.77,
"OSFI",22,,,,-127.77,
"PBO",1,,,1507481.51,3873335.83,4740676.72
"PBO",2,,,27526.96,81413.32,37004.08
"PBO",3,,,12850.00,35384.75,19308.42
"PBO",4,,,242694.95,1230810.22,889917.83
"PBO",5,,,35940.67,59543.96,139620.47
"PBO",6,,,,2412.73,543.46
"PBO",7,,,11091.62,94444.33,80360.64
"PBO",9,,,147566.99,45074.12,16200.43
"PBO",12,,,,8985.83,-128.13
"PCA",1,368099360.89,387306021.69,415111187.07,495474486.54,466163694.45
"PCA",2,16893726.97,24182546.56,24179617.58,22635443.60,23659659.02
"PCA",3,8674133.51,10344040.14,10863134.86,10280846.96,9569550.85
"PCA",4,174747907.84,204920792.81,219951533.25,218352235.69,182934831.60
"PCA",5,21869186.64,18987461.19,34125302.60,27064897.85,18954966.26
"PCA",6,26661757.89,29671658.78,32862664.58,33279761.73,24239441.44
"PCA",7,53243995.83,52970568.31,57353466.78,58891917.81,58624113.72
"PCA",8,296883311.17,365196506.86,421926960.24,473866073.93,564345478.24
"PCA",9,37520144.62,32546330.53,30175696.74,28359029.01,34015406.04
"PCA",10,15089262.89,15794678.21,19059928.07,23088206.54,45735530.12
"PCA",11,,,,135510.99,112238.35
"PCA",12,16447618.70,49772445.65,51423318.02,68895752.89,51919746.33
"PCC",1,7402594.09,6559606.40,6654217.37,7016607.56,8134500.81
"PCC",2,382686.66,373097.57,195663.48,365569.11,274808.11
"PCC",3,35048.12,38658.04,53253.43,159745.63,47717.00
"PCC",4,1178435.93,1327937.82,1001950.00,1311146.13,1053300.42
"PCC",5,60531.24,216491.71,242780.29,389243.86,272093.55
"PCC",6,232786.41,20349.68,134339.37,2435.14,91456.51
"PCC",7,89274.98,77596.27,53421.76,99945.61,83457.84
"PCC",9,336691.24,134214.55,407770.44,248313.81,271338.63
"PCC",12,14.39,287999.77,278434.88,292321.69,313903.74
"PCO",1,103131248.77,103173852.52,126734298.03,134387499.34,134517348.06
"PCO",2,3525789.44,7001463.95,7852342.50,8726947.10,5454648.16
"PCO",3,2178751.73,4531807.61,7730232.03,15864084.60,11363373.09
"PCO",4,9627399.14,25738035.16,44508198.03,34095806.15,21765153.70
"PCO",5,1330331.10,1826989.58,2184239.05,3024582.51,3085119.45
"PCO",6,1085432.35,3916984.98,4837443.04,3631142.29,3968239.38
"PCO",7,663201.18,881690.98,982614.85,1199360.85,1160072.30
"PCO",9,1611360.67,6644658.35,7515468.86,5680459.77,3537528.00
"PCO",10,,,110126.03,7431001.39,1733212.39
"PCO",12,40507.04,598540.25,485935.99,1196285.15,859472.45
"PCO",21,,,,-64633.00,-92958.00
"PCO",22,-75000.00,-73082.00,,-895271.18,-2001519.02
"PHAC",1,216441375.43,210343319.73,226299029.63,221262944.12,248986595.91
"PHAC",2,8055372.68,7742580.56,6875412.01,8216878.45,9277755.36
"PHAC",3,17366030.70,18693489.87,20345106.72,19456393.17,28487589.52
"PHAC",4,89873772.20,84311527.84,82755777.58,91087314.88,87673369.18
"PHAC",5,1718601.78,1747713.60,2370336.58,2191068.72,5685685.70
"PHAC",6,3260877.33,2729470.54,2986609.85,3143493.69,2941793.00
"PHAC",7,23448622.58,31169255.15,32349617.45,23165877.41,250820464.97
"PHAC",8,15000.00,75232.24,467072.63,387403.66,177110.64
"PHAC",9,8136009.80,8695962.97,12799520.61,11715795.27,10251366.53
"PHAC",10,201860869.81,189506069.80,217109560.45,292400866.42,245035952.39
"PHAC",12,3517695.34,4797127.90,3409592.82,3011585.71,3923816.87
"PHAC",21,-567017.33,-534773.14,-601122.88,-633453.37,-595731.74
"PHAC",22,-47069.88,-59949.19,-63959.17,-54176.75,-60161.87
"PMPRB",1,6932235.90,6986517.95,7235639.60,7570141.87,9044258.27
"PMPRB",2,128854.16,196196.86,148750.15,214862.80,285672.25
"PMPRB",3,503485.37,466677.08,425668.65,693207.18,674642.97
"PMPRB",4,1654797.28,2246624.85,1497801.29,1245082.28,1907842.28
"PMPRB",5,70258.67,98966.74,96960.90,108172.72,271121.35
"PMPRB",6,21812.47,49895.17,15679.00,9522.43,358403.27
"PMPRB",7,32176.44,15936.88,10414.19,33186.63,14523.11
"PMPRB",9,141442.13,36134.26,275873.59,354729.30,667777.38
"PMPRB",12,13298.59,37009.32,32406.46,69429.45,89639.27
"PPP",12,11800000.00,11800000.00,5900000.00,,
"PPS",1,25958053.70,41978711.54,46053795.68,53884516.24,71413027.23
"PPS",2,103558.98,144346.43,328268.66,269782.96,277594.10
"PPS",3,13185.07,32209.74,35004.86,90807.48,129798.87
"PPS",4,22858153.39,19495483.06,24412914.10,19800957.48,13693229.34
"PPS",5,31745.47,147122.25,494389.99,561473.12,345633.46
"PPS",6,6165.69,170481.57,574298.75,2255404.11,662695.05
"PPS",7,1244170.55,1830524.95,762364.44,552313.20,734267.51
"PPS",9,252159.96,868649.13,5584991.88,6928878.60,3019115.50
"PPS",12,3738.31,112797.37,92300.05,111425.09,166784.80
"PPS",21,0.00,0.00,-113376.46,-31353.88,-108360.00
"PPS",22,,,-1040663.22,-579666.81,-1658914.91
"PSC",1,71176772.56,70362936.13,77362083.35,78527263.44,87104149.17
"PSC",2,437112.42,827232.87,731107.82,1075639.90,806724.42
"PSC",3,236398.36,388257.93,517493.81,273747.35,260700.82
"PSC",4,6830801.43,8222703.77,9751341.94,10535743.08,10320975.75
"PSC",5,1391220.89,1956126.75,1621327.56,1333101.19,1446389.28
"PSC",6,117524.20,291482.19,1514659.89,144423.04,209732.00
"PSC",7,165855.31,217956.26,207012.15,270981.51,286330.70
"PSC",9,778350.92,781790.18,1168897.24,2725268.34,1037557.52
"PSC",12,222241.69,1280756.84,1277696.05,1049243.93,1579675.53
"PSC",21,-46873.17,-68379.01,-79823.15,-135295.38,-10770.15
"PSC",22,-8699698.46,-8437755.94,-8403100.85,-9234484.51,-9429634.62
"PSEP",1,104168725.60,111133275.94,117867201.55,118086089.07,124665177.91
"PSEP",2,3578256.30,3673131.49,3290413.67,4258182.77,3582951.84
"PSEP",3,1861027.95,3103926.28,5492705.60,5587417.29,3491487.47
"PSEP",4,16933156.93,19095767.72,16678107.60,21928227.65,21585248.26
"PSEP",5,4391834.34,5025864.76,5291212.82,5383227.79,5407220.36
"PSEP",6,703615.40,654234.60,1022989.95,2969781.96,1992102.18
"PSEP",7,1255070.37,617617.07,474073.41,632765.52,568602.87
"PSEP",8,,,,60191.00,
"PSEP",9,3709707.68,2621625.83,3290216.89,4959688.37,3662790.22
"PSEP",10,271862285.47,1031209114.32,805147909.04,564276802.20,751678689.57
"PSEP",12,100754.13,22540438.38,2561959.37,1611842.12,5077374.81
"PSEP",21,-213179.00,-391640.00,-482523.00,-560114.00,-576296.00
"PSEP",22,-1568528.00,-1671420.00,-1562650.00,-1593662.00,-1800250.00
"RCMP",1,3222801939.37,3368032622.45,3509237079.55,3429088754.51,4416754482.23
"RCMP",2,193433468.78,195464176.48,208285696.66,214720562.27,215385272.16
"RCMP",3,4076217.08,4404937.45,4285804.76,2670637.74,3471829.14
"RCMP",4,422305061.40,448996376.33,479199745.61,520002533.37,534950580.81
"RCMP",5,102395683.48,134063296.62,146819715.37,177641834.82,139686845.71
"RCMP",6,82215176.71,95516210.82,106422479.04,100221720.58,102821528.59
"RCMP",7,128691904.03,135023882.05,147183095.59,158087231.09,160009842.87
"RCMP",8,71658484.08,103866193.12,86784453.66,104838222.85,80859938.06
"RCMP",9,242144322.38,212202598.99,297248637.92,297468755.77,277062778.65
"RCMP",10,194891963.09,212321302.50,238465665.05,297684689.77,339853857.76
"RCMP",11,,,,745801.34,698624.98
"RCMP",12,88833645.26,102657216.07,128200374.92,150368057.15,167417454.19
"RCMP",21,-1873796598.63,-1976777837.15,-2118841159.14,-1647822206.98,-1695170607.11
"RCMP",22,-23423695.90,-18144891.66,-22307698.64,-16488165.90,-10828504.67
"SC",1,517853565.85,527934216.26,562394428.61,551696805.97,580472364.76
"SC",2,25538552.00,67749338.81,15146508.96,18249638.84,16397198.43
"SC",3,21154521.77,12868722.34,6290754.13,7845680.23,8502520.86
"SC",4,28434643.34,132145246.63,32751627.94,30043886.99,28986090.12
"SC",5,17347715.69,15528225.91,11554419.25,12052778.96,16703118.70
"SC",6,1776219.05,792371.71,422292.41,445114.68,722997.38
"SC",7,3439337.49,2882902.09,1349458.08,1312216.59,1628319.78
"SC",8,,925581.33,2235650.05,832642.61,821058.84
"SC",9,6042950.54,27118878.74,12804622.38,4230576.77,12396266.01
"SC",10,,100000.00,100000.00,100000.00,63800.00
"SC",12,307593.90,3293835.96,12378675.40,5135467.36,294384.54
"SC",21,-18621841.15,-16063126.45,-16886948.55,-22196979.61,-16067155.31
"SC",22,-85712693.43,-93759032.49,-94770334.22,-102003739.19,-103971339.54
"SCA",12,10194937.00,10515380.00,13828495.00,17973672.00,18578854.00
"SCC",1,26058946.78,26664550.65,29285842.78,30170360.77,30181798.60
"SCC",2,1877264.68,1154648.16,1493778.62,1467471.18,1534357.46
"SCC",3,85002.91,75165.28,88698.94,292058.98,261433.45
"SCC",4,1403945.26,2214363.05,2427799.34,2672098.31,2819684.39
"SCC",5,684349.36,717560.74,712186.09,842268.66,1073452.34
"SCC",6,115711.47,265826.04,379518.35,261171.32,240310.23
"SCC",7,1362299.20,1285059.63,1323832.26,1159968.44,1124433.29
"SCC",9,721809.19,1252431.51,1897514.02,816663.56,464218.63
"SCC",12,30419.51,49820.83,-192002.02,66164.11,82326.08
"SEN",1,61159390.43,64280798.78,86878144.37,77526549.43,81058038.70
"SEN",2,5436881.08,7941549.92,8882734.25,9269233.83,7368884.79
"SEN",3,531307.97,519475.50,588172.89,543049.36,951954.35
"SEN",4,2902809.89,3343193.33,4469672.63,4078496.39,3478371.55
"SEN",5,1433364.80,1171007.76,1283918.50,1129374.01,1244604.73
"SEN",6,590485.52,625285.90,622316.70,748414.54,928945.58
"SEN",7,565527.57,769896.12,1046067.22,896915.27,882266.48
"SEN",9,1478528.78,1566372.28,1648383.26,1317920.46,1460782.57
"SEN",10,466342.61,463694.26,534761.52,491620.30,458899.46
"SEN",12,7454.75,-2517.85,775.81,88557.10,37122.42
"SHARE",1,587075079.27,575617495.90,640860215.96,702955003.40,756670264.99
"SHARE",2,489766038.49,518598065.92,519609718.25,551414775.90,509898648.70
"SHARE",3,581480.13,1362240.80,957387.80,1314622.16,3306291.36
"SHARE",4,191473464.46,219766445.67,274592632.91,271956737.48,300926387.69
"SHARE",5,297862179.10,381611452.28,279542391.97,388444053.38,402285306.65
"SHARE",6,85343673.14,128078794.50,186612705.80,168710867.55,226873188.69
"SHARE",7,6932063.73,7916089.09,7254487.88,7725920.63,7808681.64
"SHARE",8,4127139.88,,19438829.17,8955529.34,16393659.06
"SHARE",9,263701611.64,397751046.76,481996342.14,421257768.87,469552554.10
"SHARE",11,,,,4180850.69,7785407.15
"SHARE",12,1519973.69,3304148.32,6590645.89,3856994.01,3594434.89
"SHARE",21,-8884419.93,-5420850.41,-6091131.18,-4334560.31,-4127900.00
"SHARE",22,-415054513.19,-547215192.03,-613450931.31,-678629499.68,-727370437.67
"SIRC",1,2167724.01,3000112.00,3460651.54,3278237.22,4646862.90
"SIRC",2,224242.29,278144.12,382712.65,384357.53,250792.42
"SIRC",3,43219.76,90998.64,73807.25,30694.08,99002.71
"SIRC",4,341226.89,557893.01,615213.39,566783.01,1504244.85
"SIRC",5,50462.30,83605.19,127288.40,83365.18,92145.88
"SIRC",6,2510.23,4310.49,2835.23,19390.11,118560.50
"SIRC",7,23662.87,34489.84,35084.28,36170.19,45440.21
"SIRC",9,16414.56,378205.65,1485091.71,580301.55,115163.89
"SIRC",12,11.82,47009.36,-8492.40,13254.32,48842.54
"SSHRC",1,20779099.50,21467070.02,21735155.67,27171675.27,28686115.41
"SSHRC",2,1078550.77,1016492.66,997982.33,1498045.55,1430511.44
"SSHRC",3,948727.00,897154.52,814604.16,1188113.94,890458.84
"SSHRC",4,2527652.89,2764401.90,2664339.01,3679991.12,5212440.46
"SSHRC",5,519104.71,561804.36,494703.92,604365.64,1011490.46
"SSHRC",6,78569.05,135851.29,104641.73,64393.82,92506.38
"SSHRC",7,74682.96,55485.97,53889.66,61990.82,53519.00
"SSHRC",8,,,18424.70,144587.19,4199.88
"SSHRC",9,378376.50,308488.79,414889.09,1056674.80,943339.62
"SSHRC",10,693713462.84,748676303.01,756635673.27,837621470.88,902401472.84
"SSHRC",12,193912.33,70995.06,45024.71,38519.37,31233.66
"SWC",1,9338045.69,11074864.42,15001807.50,23026731.98,31267586.15
"SWC",2,461313.61,736252.81,936123.04,1738997.77,1204315.06
"SWC",3,123031.06,192717.31,336743.35,442863.26,2862872.54
"SWC",4,1002534.96,1376024.16,4922177.62,15865389.40,10439782.40
"SWC",5,125538.43,120665.53,331918.83,526397.43,935412.71
"SWC",6,4542.18,5439.33,16448.17,30950.59,26570.74
"SWC",7,21373.33,53098.39,75874.23,111593.95,108931.42
"SWC",8,,953545.32,,0.00,
"SWC",9,168305.04,276983.19,770148.06,1010262.11,1623357.03
"SWC",10,18285000.00,20480000.00,20830000.00,29273977.00,65836843.00
"SWC",12,12716.70,25.96,82992.50,119202.73,240838.44
"TBC",1,4496925899.80,3474321505.54,4340898906.15,6687892131.75,3558143786.48
"TBC",2,1381294.59,2274777.86,2633235.22,3427710.96,2433351.55
"TBC",3,242757.94,278081.51,1843252.99,634026.77,756258.21
"TBC",4,118710500.72,149600266.69,119380708.12,123659709.80,139794441.15
"TBC",5,2318070.84,2457698.10,3691760.17,4852660.93,7622564.07
"TBC",6,2722787.63,1155828.74,4946729.51,1296621.85,1023265.56
"TBC",7,598936.59,626408.75,676308.95,755646.63,771113.43
"TBC",9,6446528.54,4050529.13,6666122.64,8421442.01,6424475.51
"TBC",10,534546.33,1109615.96,1076078.51,1183089.79,1178425.91
"TBC",12,4354618.66,4988499.42,-3834629.87,-6871760.54,-5518214.65
"TBC",21,-9970041.48,-11059480.63,-12633256.23,-493788073.49,-540726555.35
"TBC",22,-496377158.05,-565595097.14,-658443212.97,-175605761.41,-197595843.58
"TC",1,535980029.75,489913628.08,571184042.82,604390187.81,661044865.78
"TC",2,29046534.95,20460044.21,31301953.94,36766965.42,30222580.15
"TC",3,3443302.07,3685597.84,5028699.79,5903712.02,7054209.81
"TC",4,151763245.44,128924130.13,167625623.42,180868095.47,179828600.64
"TC",5,9594034.44,9866816.01,10593202.25,9930100.94,11911670.85
"TC",6,10818277.85,9901629.93,12235956.45,14001135.97,12074282.93
"TC",7,13061355.95,13729766.28,16070096.90,17436493.71,17068099.91
"TC",8,60654211.59,140009785.92,105842190.34,97217398.83,86319077.82
"TC",9,39224880.59,29747218.47,50009221.65,48322523.91,77309050.83
"TC",10,591009636.41,379189109.73,276983696.93,276102400.69,680093947.88
"TC",12,208114228.88,38885278.56,31946592.69,14280245.46,23913833.13
"TC",21,-48662024.40,-44352409.84,-42316467.26,-42761874.26,-42814033.10
"TC",22,-34920651.44,-28801811.22,-30784044.56,-33526082.43,-38805438.37
"TOUR",12,62975770.00,95475770.00,95475770.00,98682907.00,100665913.00
"TRC",1,1178556.76,,,,
"TRC",2,466677.96,,,,
"TRC",3,1317055.29,,,,
"TRC",4,2625437.94,,,,
"TRC",5,363277.46,,,,
"TRC",6,2146.62,,,,
"TRC",7,16182.40,,,,
"TRC",9,12598.19,,,,
"TRC",12,0.14,,,,
"VAC",1,269285205.89,278138498.96,259686935.45,257606306.16,288384211.48
"VAC",2,26892932.14,30617865.97,32710538.88,44314504.61,42675666.50
"VAC",3,4070323.42,3531280.36,3005725.04,4555636.66,5662786.88
"VAC",4,395253141.10,444155527.14,454962580.79,485980090.28,506512268.04
"VAC",5,7579108.75,7099658.04,6572993.30,9108809.69,6963538.81
"VAC",6,15857630.65,9957554.03,4295279.00,6980175.36,8918055.80
"VAC",7,173320448.40,213729442.02,193407070.77,219004582.49,224460008.67
"VAC",8,516644.43,1917296.06,,478440.58,1259041.36
"VAC",9,4701150.39,2229967.66,1779146.52,4874080.01,4853221.68
"VAC",10,2694046671.36,2774634333.58,3814670502.50,3655865100.92,3648780293.33
"VAC",12,3510947.51,4797317.58,2800307.69,1695226.16,93905263.58
"VIA",12,365500460.29,348387316.99,357536154.10,496246801.10,506347644.10
"VRAB",1,9745499.32,8785218.00,8972089.73,8263826.44,9120444.62
"VRAB",2,639400.66,587016.28,880360.80,686572.58,764514.63
"VRAB",3,2319.56,14160.04,8405.20,4203.00,6456.56
"VRAB",4,352989.27,434324.26,458923.45,550280.08,413245.27
"VRAB",5,41910.78,9925.29,42146.81,36294.32,57978.64
"VRAB",6,33484.39,121353.16,117144.98,83965.07,46472.81
"VRAB",7,55120.56,133840.69,95804.89,95228.17,98602.61
"VRAB",9,131579.33,142257.43,242533.43,159822.49,178512.79
"VRAB",12,61.10,7193.35,34959.75,25908.21,10190.04
"WDBA",12,138500000.00,334500000.00,184000000.00,330500000.00,570550000.00
"WDO",1,30288446.73,29232656.39,32061074.50,32435960.41,36924282.36
"WDO",2,920181.31,1305615.29,1111237.87,1423429.10,1448503.07
"WDO",3,235282.74,180976.24,184507.12,362976.99,534720.88
"WDO",4,5554686.87,4915855.26,5440535.61,5619154.20,6564989.44
"WDO",5,1162585.53,990336.24,597433.79,673315.40,884881.56
"WDO",6,180540.33,276116.25,373276.17,1380117.35,108974.41
"WDO",7,141000.30,134210.54,133911.12,111638.32,149124.83
"WDO",9,858761.05,700847.41,838445.20,628663.34,1314353.17
"WDO",10,116332625.00,152743516.00,186283470.00,199727274.00,261119937.00
"WDO",12,17264.34,3143.91,44227.77,5011.34,30661.89

