"deptcode","dimension","pa_last_year_5","pa_last_year_4","pa_last_year_3","pa_last_year_2",pa_last_year
"ACOA","bc","0.0698320364692705","0.0504031845004972","0.0977600681035281","0.0755061820912732",0
"ACOA","mb","0.0865191483177095","0","0","0",0
"ACOA","nb","73.5292602391732","76.0287568100812","69.7107000215713","84.7893322861022",92.9240199150522
"ACOA","nl","90.8977356868404","86.7814324570042","88.3670367918282","99.1815028879776",105.234632319469
"ACOA","ns","67.2181708073838","65.4577171830171","65.0869356459047","67.9913248815126",84.8052402532717
"ACOA","on","0.183341965462704","0.0997185620573016","0.101389021549908","0.0898742319827315",0.100318539278755
"ACOA","pe","194.743648576519","198.311508807551","200.198803392403","218.685765531378",192.984395076322
"ACOA","qc","0.121255587516598","0.135552106054484","0.137626086303624","0.375619326851159",0.104323957228608
"AECB","on","0.0432779852902663","0.0461021188726994","0.0548013746870211","0.0639500570836574",0.0569383610132998
"AGR","ab","75.4983087469418","69.2762438826668","68.6010743267905","92.0127347379346",84.7674566716181
"AGR","bc","5.21308561446681","9.47034439085667","7.81118921215302","9.73498479905892",9.26635656795026
"AGR","mb","44.6247026621127","38.8365632693372","43.8671270564117","30.1912250900062",31.7842148097601
"AGR","nb","11.1925586469692","10.3823877820617","10.686770252515","10.3968039510437",11.1687106773986
"AGR","nl","10.7204860026171","7.22204538967949","7.73413411519909","7.84130843145113",8.75954156130814
"AGR","ns","17.1509616339714","9.96946347335444","9.06142679858848","11.276531962285",13.3286500901512
"AGR","nt","14.2001900753513","15.5542049786948","12.9384745800522","76.6976733919032",15.2576098332183
"AGR","nu","0","0","0","16.6214229039937",11.9682149692236
"AGR","on","21.7943152307339","15.4571293329845","16.3495898882749","19.2067728834406",13.8598565944977
"AGR","pe","141.149349434004","111.690068869012","133.372559947892","120.523191947861",126.648378475613
"AGR","qc","17.4419671880518","16.2210723072713","14.471887622308","16.7957535976066",13.7410198554408
"AGR","sk","310.851291466081","266.695991767648","256.203000784861","345.751450216562",249.143582513469
"AGR","yt","23.5375949909023","19.5220808579991","19.5020396716129","20.403855721393",33.5399620698998
"CCRA","ab","9.07789186832352","5.97300900457104","13.3742477868575","7.50885658841894",7.74577449590326
"CCRA","bc","11.5922571950366","5.42363893542322","26.1011272913217","9.34671935468568",9.8275551936086
"CCRA","mb","9.25444614005765","8.67425620521478","12.3550691884797","13.0435276676036",13.6188113680362
"CCRA","nb","4.79417825727191","4.38695822712908","5.65674299422804","5.96062350132378",5.7928844908882
"CCRA","nl","7.2992597474165","7.29704779960043","10.8635108294713","11.369243275789",11.7787031050958
"CCRA","ns","4.42544840115736","3.78857315431389","5.18675287453357","4.89603569694026",5.00471910368063
"CCRA","nt","20.4217409997058","17.1050235478807","19.4274432819506","18.3129000927111",18.181433565655
"CCRA","nu","23.6883388914919","20.4183914923709","28.6770194650459","29.3261042052367",32.0699063776962
"CCRA","on","3.91881935879373","3.23669209632365","4.78425663261074","4.31396257342776",4.02936045945656
"CCRA","pe","3.85733992333234","3.39719036382593","4.11647114913276","4.24735887732577",3.92766742046564
"CCRA","qc","7.14103137511005","4.23145908410261","9.59379979477254","8.84889848915482",9.66560597205671
"CCRA","sk","18.4347456127336","17.2754354650633","25.8001273218802","27.0877641912509",27.6545937881876
"CCRA","yt","12.6134271647223","11.3216182114505","10.3720361021875","9.66084577114428",11.224378709884
"CEAA","bc","0.0254138555567863","0.113168969124542","0.0225107299377609","0.173194641999947",0.0538410630144369
"CEAA","mb","0","0","0","0.0253042048632161",0.0554379426238381
"CEAA","nb","0","0","0","0.134740420175498",0
"CEAA","ns","0","0","0","0",0.361564855608048
"CEAA","on","0.0103364628459984","0","0","0",0.0506205295382389
"CEAA","qc","0.0300744953211803","0.029924117070947","0.0296826567319842","0.0293792071802543",0.0417376088310905
"CEAA","sk","0","0","0","0.130827386712342",0.114270635946054
"CEO","ab","0","0","0.0293131457165929","0",0
"CEO","bc","0","0","0.192556930803175","0",0
"CEO","mb","0","0","0.0285848086040702","0",0
"CEO","on","1.02246167846635","0.505803151221959","5.82895145063575","0.255619978936029",0.0591635378641147
"CEO","qc","0.111386130426777","0.0554148329764989","0.803925316742965","-0.470332026925954",0
"CEO","yt","0","0","2.75812044260874","0",0
"CFIA","ab","0.0948368577864981","0.110333077061958","0.573329907162431","8.28522157402892",0.55943424132151
"CFIA","bc","0.0735640455937344","1.89629864936038","0.118209899089409","0.11387338150784",0.0232722646915459
"CFIA","mb","0","0.0497957202281812","0.192159962781761","0",0
"CFIA","nb","55.4075694250462","0","0.348245860597068","0",0
"CFIA","nl","24.7129565979817","0","0","0",0
"CFIA","ns","0","0","0.241500920188428","0.543318023479761",0
"CFIA","on","0.112950242358005","0.0873592493637158","0.79227176153512","0.0771340331578845",0.0334284666052942
"CFIA","pe","1.03979647716954","1.84845387696867","9.1768588714822","1.19971354987911",0
"CFIA","qc","0.0361653462676939","0","0","0",0.0253571158418909
"CFIA","sk","0.646868179112375","0.787007347409311","0.108403244091742","1.09876479324388",1.7748463528168
"CH","ab","12.6639280091079","12.2674428142184","11.9894193727743","14.5997024188159",15.8375816871034
"CH","bc","11.9002555614944","12.6217571663161","11.2972667174614","13.7313717110527",13.6470426687908
"CH","mb","5.67709371896422","5.94321871267276","6.72878390159861","8.35173871867817",8.8557358579292
"CH","nb","44.0059516594022","44.0443335795217","40.0590138644668","18.8694857817563",19.3922549416129
"CH","nl","14.8451302212047","15.6656201624381","18.1546448500899","18.1194640764455",24.1109277033308
"CH","ns","16.8561324659207","15.8608427213622","15.7627148513347","19.1081218284738",26.171679378179
"CH","nt","198.574570633358","215.386499215071","242.033751979834","277.181095757362",401.67999732793
"CH","nu","126.981589173993","132.250278782604","130.447696056119","163.600502512563",380.936688563596
"CH","on","42.3008586774115","52.495592132476","35.7477458453781","39.3537178527445",39.0649583871907
"CH","pe","99.5754857582542","104.917974537672","76.7462547256599","96.7439293598234",76.0730585393432
"CH","qc","23.3727880086188","21.8855094748531","20.7878704452991","25.9281167988033",27.6628756136796
"CH","sk","15.7823992720811","13.9540404562802","13.6425202755734","15.4464778237178",15.8719619615944
"CH","yt","87.1075136465803","126.671074076021","139.726097598287","216.497039800995",230.619221201448
"CI","ab","18.5778315529395","20.5480566220244","22.7220997951862","25.8140985972273",28.9897122458084
"CI","bc","23.0969511066029","20.3978703083821","21.53056190716","22.2802893123836",21.8044069684036
"CI","mb","7.90002204297168","9.06290501737903","9.42069210228208","10.35470425944",10.6054336791391
"CI","nb","7.64538545460295","8.28302651619005","11.5229093809035","14.4488499529266",16.7484154663407
"CI","nl","5.02861779749765","4.66593581482735","5.56148869762603","5.99182515247116",7.50554495063292
"CI","ns","6.43990788991649","6.63827678539147","9.15973816840292","12.3386394466681",12.2207975719684
"CI","nt","13.116036476365","12.5943485086342","12.6646886920829","15.6936117610702",16.7097909105079
"CI","nu","0","0","0","0",6.73157295815445
"CI","on","24.1968383728875","23.4405126607267","24.4084187087302","25.2781245411698",26.2967058959661
"CI","pe","31.9909191107661","29.9241068978763","25.6706575969809","30.5143093661306",33.0748702266536
"CI","qc","39.2978655193522","41.5322537491993","42.6285080698741","45.3220887359761",58.1454905169025
"CI","sk","15.2387205646019","19.7854522886946","22.7619412226389","25.4078830029272",30.9948037064901
"CI","yt","12.1783688322809","13.5852215971821","10.1859925551986","11.421815920398",18.92719391148
"CIDA","ab","1.00859070319502","0","0","0",0
"CIDA","bc","0.357121283360506","0","0","0",0
"CIDA","mb","3.09852699658455","0","0","0",0
"CIDA","ns","0.337033828880741","0","0","0",0
"CIDA","on","4.78065986045212","0","0","0",0
"CIDA","qc","2.31695528994447","0","0","0",0
"CIDA","sk","0.967651228184332","0","0","0",0
"CIHR","ab","16.4644381464525","17.6305304100063","17.7442231827268","18.6632605588448",18.6199984784761
"CIHR","bc","26.1045202163456","24.8915334876468","25.0919871024455","24.3580738264801",24.1125248178046
"CIHR","mb","4.8484487561466","5.10111854683369","4.81131600894902","5.02559226195548",4.84776486525435
"CIHR","nb","1.04015558378176","0.792974842874553","0.794469901491035","0.872810827399312",0.818722888483719
"CIHR","nl","7.43449171784427","8.53465844332339","9.46676061666509","8.09734412423337",8.44595824933342
"CIHR","ns","21.0473976017627","22.3754314735926","18.443462230064","17.9564475138584",16.5587151873004
"CIHR","nt","7.35184305206707","0","0","30.4534016158227",37.511411966421
"CIHR","on","33.1974415246389","33.1358816549289","33.5192471031474","35.5668657508518",35.7975122895627
"CIHR","pe","1.57655328263748","1.09527794545355","1.3368967439112","16.3603095763692",7.9554915968546
"CIHR","qc","28.0210603544282","28.8899161819996","28.6488529617911","28.8860760508601",28.7211158802449
"CIHR","sk","8.39184630758148","8.59819103971456","8.75661724949856","11.7222363089725",10.908452153537
"CNEDA","nt","250.535311022108","230.027068849518","221.497445735829","223.142775153415",275.409761963081
"CNEDA","nu","384.804095581953","329.119645334131","284.87892580792","344.49788415763",310.046837014431
"CNEDA","on","0.00978429918082555","0.147166314009761","0.0214161286578212","0.0870702198150895",0.0207121642955151
"CNEDA","yt","233.540645402975","197.343383628621","227.008898067411","284.926965174129",317.271126326938
"CPCC","ab","0","0","0","0.0234999963817788",0.0918680981249631
"CPCC","bc","0","0","0.0448908682587689","0.0482441928063084",0.154382001989387
"CPCC","mb","0","0","0","0.651746678764753",0.0287296815073476
"CPCC","nl","0","0","0","0.474365281209817",1.07960131441534
"CPCC","ns","0","0","0","0",0.35988079142741
"CPCC","nt","0","0","5.20139647980012","10.8106264624078",13.8745685720012
"CPCC","nu","0","0","0","11.8444591377942",17.1920291729168
"CPCC","on","0.012143504030034","0","0.0459059714877085","0.0566767445764908",0.184604206419639
"CPCC","qc","0","0","0.0253904599336729","0.0227075542258788",0.191019020885081
"CPCC","yt","0","0","0","0",27.5142730474619
"CSA","ab","0.504737301068236","0.731501889752294","0.605464679550582","0.772008647315175",0.656684902736238
"CSA","bc","0.0817927095508621","0.151883372946439","0.47856848734506","0.549421552128252",0.429653561280658
"CSA","mb","0","0.074639775310186","0","0.0596189476205294",0.0835879740770935
"CSA","nb","0.483380943094916","0.609484067066428","0.297720631973905","0.27385138333342",0.509260395897592
"CSA","nl","0","0","0.230857845455405","0.20694102295757",0
"CSA","ns","0","0","0","0.105665204066252",0.359647008562039
"CSA","nt","0","0","0","0",2.55383108062972
"CSA","on","0.210491182791923","0.218752010723375","0.515764840627595","0.59564358198739",0.459500193382574
"CSA","qc","0.129815119643203","0.138167388563137","0.242590247669428","0.392272610321616",0.366325666824778
"CSA","sk","0.397845560356308","0.419575881826146","0.529563094096102","1.17403978673235",1.2055435100984
"CSA","yt","0","0","0","0",2.77810891357356
"CSC","mb","0","0.581094346525929","0","0.610080410880528",0.0436677368664559
"CSC","sk","0.216993830923324","0.298411258660457","5.07804308014302","1.86856630805825",1.76644774202474
"EA","ab","6.82667756703728","7.69772261234192","10.0396219171554","9.02634648599527",9.41279633804584
"EA","bc","2.94533224570643","2.48389217647199","4.12396572459779","4.51607677420029",3.67688942256251
"EA","mb","6.39729937262311","9.52650950017517","11.2608371172507","9.30339648257546",9.66957188867317
"EA","nb","3.6871498442581","3.81242678301799","3.85034350670998","5.71877421938799",5.83064452562196
"EA","nl","0","0","0.440994987231628","0.885132375929025",0.208294282140248
"EA","ns","4.93529117103915","4.65889181205085","6.03337688047681","6.77177153288339",5.18137826377948
"EA","nt","3.59443803317267","3.56245795021305","3.76670310304058","3.71612732329698",5.13903671869781
"EA","on","36.4583387832794","41.18484411262","41.4732239854359","44.681091627433",44.1311740717947
"EA","pe","3.87774073021441","0.798146573012128","5.37552124952156","9.23491537895511",1.03483322197667
"EA","qc","19.9079398260187","23.0671517908457","28.009478984135","28.7377576065819",28.2494333011862
"EA","sk","2.00347423950175","1.80286028252738","1.46995465248103","1.96632547982634",3.26234493312281
"EA","yt","0","0","3.10848503390954","6.33756218905473",7.41159084751607
"EC","ab","0.974765884262287","0.806446321110823","0.694561513163494","2.53932224414683",2.83918710170606
"EC","bc","0.843840556026482","1.10687302042257","1.47722318964311","1.00913925927475",2.76482212420593
"EC","mb","0.772529612673498","1.31044810026388","1.78098210385175","1.26010388263144",1.93690433314847
"EC","nb","0.606103448457602","1.24940409739613","0.994666004275041","0.924718990080779",1.14245878274218
"EC","nl","0.379341101345862","0.276653253015236","0.287903149531826","0.683543750819099",1.02787203194993
"EC","ns","1.16627557619535","0.888561244260311","0.723901261249092","1.06723007486058",2.52030445563246
"EC","nt","2.71536216142828","0","0","0",0
"EC","nu","15.4739134029711","88.8899556667664","34.9401590404027","94.0779423432954",38.8680753116433
"EC","on","1.71683492003576","2.73359164682632","3.55628736846749","4.47429297401607",7.13198626479729
"EC","pe","0","0","0.805796361829426","0",0
"EC","qc","0.768639296303361","0.900647421376058","0.776296022777903","1.03432532535527",0.890795490179529
"EC","sk","1.40996294263706","1.22578497754934","1.58725647510247","2.09286474477396",2.008252585124
"EC","yt","0","0","0","0",2.98145365877688
"EDC","on","8.54893232264266","0","0","0",0
"FEDSO","on","14.195476910517","5.13535735598154","11.3392235539723","13.1343665525649",14.6983151068589
"FEDSO","qc","0.211250972827234","0.26261453897662","0","0",0
"FIN","ab","1020.79212654119","1179.9931823046","1333.48160718304","1342.21551432547",1377.8615171892
"FIN","bc","1113.52265930242","1154.47587773985","1254.80748081834","1306.01080710122",1331.20057046275
"FIN","mb","808.478318678391","806.786156323945","812.609418408277","825.610327617089",847.990683768718
"FIN","nb","3308.30247395078","3499.31396884908","3482.29067139056","3566.15442411822",3649.15067186812
"FIN","nl","1353.9815268254","1288.27149507715","1359.03577414168","1395.66296607932",1432.77133534041
"FIN","ns","3179.76705569221","3203.58394886333","3226.4557138214","3206.74758524392",3256.28884493679
"FIN","nt","26210.3200280587","28514.4274276744","28839.1147745778","28272.9451017615",28834.2054599301
"FIN","nu","38570.1173827964","39568.7668833465","40244.6620525315","40691.6551970378",40941.2955050949
"FIN","on","1461.22366739674","1406.72141834301","1465.68589278201","1500.94961927493",1465.56088133573
"FIN","pe","3688.67482098171","3985.10495664819","3719.66036354846","3833.41572716283",3880.38048645732
"FIN","qc","1880.03916042299","1906.00217123543","1930.41810567098","2024.31842273747",2136.30894386802
"FIN","sk","1214.98218457892","1301.54574957985","1300.82996075695","1348.71516073557",1386.12564355903
"FIN","yt","22991.5032109601","23926.1422375269","23600.8138544694","23522.6687562189",23987.720918204
"FO","ab","0","0","0.0612502907674938","0.0681072944972925",0.033654408592611
"FO","bc","8.14399300174725","8.73553952636039","9.94824205319405","8.86356944309316",11.5905761693595
"FO","mb","0.151154470363103","0.059783368984149","0.15339049081553","0.296686199614228",0.299550828667442
"FO","nb","11.0619291440257","10.1187594206397","10.4089475163582","13.3206425907528",12.7934336666723
"FO","nl","9.36371228432971","6.94684943003007","10.2611444244774","5.46658360130144",10.9977296114518
"FO","ns","14.5944998830467","12.9163924873083","9.30849739139244","11.847806518062",16.7582478284572
"FO","nt","25.0062227049533","25.4644987665396","23.8673121110045","27.7454637764337",48.3944643612639
"FO","nu","0","0","4.01617178505449","7.88151282729437",22.4804996637873
"FO","on","0.23901473753206","0.206602736067519","0.213572985523982","0.231485026836235",0.418478302143806
"FO","pe","12.1820337032698","9.48512182406848","9.18061925450407","11.4752378324398",13.9808423703551
"FO","qc","0.780379374751855","0.899277372187148","0.795309124617949","1.05991587135378",1.11612706033151
"FO","sk","0","0.112644068366004","0.709848260224993","0.467124974773218",0.706644680267833
"FO","yt","6.0017125120411","6.32984595972872","6.3255315894141","6.32587064676617",6.4407280608852
"FORDQ","bc","0.0956256926843079","0","0","0",0
"FORDQ","on","0.0879199933283882","0.00956215899126735","0","0",0.0176883263894652
"FORDQ","qc","24.768048341658","23.137908005585","23.5847719144757","29.9233740014959",28.1901489522065
"GG","mb","0.0330264273429741","0.0329621583231004","0.0331063613308546","0.0331165279642977",0.0330538433303815
"GG","on","0.0249350761456226","0.0249411846449311","0.0199949543600882","0.0249040489688534",0.0298067375565805
"GG","qc","0.0083512769655214","0.00840069306936727","0","0.00848873597606582",0.00851211271733813
"GSC","ab","5.42653731560206","5.73554372376257","6.30155875016311","6.26955934501326",6.42480741345298
"GSC","bc","11.0716513804083","10.8507452678981","10.2226366692282","10.7145823299211",10.3779994372649
"GSC","mb","4.84310515224184","4.69273596196821","5.7605522596653","6.94782431692069",5.18934767764194
"GSC","nb","31.4043557661394","32.4656737798919","32.9528621201326","36.1746695760274",35.518114401715
"GSC","nl","6.19376097170224","10.3862640177068","11.3831476402156","12.8934914614249",12.4002444445295
"GSC","ns","32.542960318113","32.0514907771523","33.5143895520624","55.5243464353302",37.927550069359
"GSC","nt","66.8830357748965","67.7662928907827","65.4451112053004","65.3054169793828",66.6525863412679
"GSC","nu","24.6083289694898","24.3223814833954","32.4382446651851","31.7634488230627",30.4106967361506
"GSC","on","14.3242551862272","14.2619817761966","9.33280099976199","14.3414322447285",14.0029076426644
"GSC","pe","23.4999757380822","23.2885090270537","23.9237246593832","22.2317946494271",21.9004728375392
"GSC","qc","18.8333140391052","19.8582827944859","14.8808260072788","19.6266076290202",20.1517005581106
"GSC","sk","8.44958196505918","8.2843034548118","7.58796284991715","7.74142505015171",8.51348175575798
"GSC","yt","29.7821363587713","31.083118658325","30.2822140635358","29.9903482587065",30.8418019260609
"H","ab","46.1911535014413","43.352373459532","40.928158680568","43.2469956508981",37.0056664125431
"H","bc","67.9867637263678","86.4325815293591","89.7546163116275","94.2170703231476",73.0785865442916
"H","mb","41.1886510185791","43.8720038070049","44.4792075238335","51.6648014541981",45.8538426868366
"H","nb","28.3792381032693","27.6975871355877","28.6436289473856","32.8126999318606",24.7370210379552
"H","nl","29.1421212999207","29.7742745192917","32.3484441501939","34.9546508690524",18.869463178391
"H","ns","27.1828914918864","28.062419314704","28.5933020412987","29.660870693842",17.8676809670749
"H","nt","850.801778562216","814.081879345145","831.828986994445","815.315946315836",621.599323075553
"H","nu","1993.35134911667","1968.67489868632","1946.27947200728","1969.93409151018",1240.39448093933
"H","on","39.2316462641168","30.6998114217411","32.5487594564701","35.8472968804496",34.3042406361341
"H","pe","27.583741742283","20.5951201777973","22.8739264442221","24.7949450751603",13.6504535642699
"H","qc","17.8362918429026","29.0513489316603","28.6426142839715","28.8857634704562",25.4959940735893
"H","sk","143.000561312685","146.115678156774","150.810322665039","163.317531449389",110.35960742152
"H","yt","365.340067430162","275.85994427212","254.049411044822","237.978656716418",216.448708159898
"HC","on","0.0506749886246092","0.05176518442201","0.0520003592198647","0.0505216524326752",0.0511029158446814
"HRSD","ab","849.306596662064","886.657607493487","891.636798777547","944.709816093988",993.543277357954
"HRSD","bc","1230.00023708641","1282.94571117855","1302.7589527695","1355.90830668512",1418.12300833403
"HRSD","mb","374.842233607054","385.559571855425","388.823731544538","405.678144520157",419.605684891474
"HRSD","nb","1529.82317760901","1588.65281146652","1652.99702577444","1744.09796466115",1814.25919029522
"HRSD","nl","1593.28239433552","1661.00971717924","1728.76182918755","1860.15924238309",1974.84525972709
"HRSD","ns","1471.5259780555","1524.73185365096","1558.75312674118","1632.52388274355",1688.3147658706
"HRSD","nt","916.949041703437","907.4","869.291587659223","1024.38905567083",2565.63388184996
"HRSD","nu","721.577267590883","700.6987515979","670.466464965595","687.219968262364",855.306057000983
"HRSD","on","1220.0128816974","1274.80092403709","1300.66442411245","1361.02334921358",1415.66732301214
"HRSD","pe","1432.01593661401","1490.08797947649","1543.83496619013","1625.19481236203",1679.6380801254
"HRSD","qc","1459.59035229791","1521.98329832029","1564.35847291134","1639.24372954375",1713.47562239209
"HRSD","sk","1185.24378042306","1212.2545646145","1203.61090433418","1258.89331270343",1304.86880575768
"HRSD","yt","880.654473937707","874.29378055833","861.172785681505","881.438184079602",1039.33940050738
"INAC","ab","204.072055809898","197.024509985616","204.542725564656","283.876947332472",313.741800606357
"INAC","bc","183.815517137375","186.039094565468","179.883505748276","221.859595930763",197.949589639334
"INAC","mb","256.292695056076","254.156549208289","259.468961161027","309.559085668506",217.332588123701
"INAC","nb","162.355493393487","198.717761898702","153.89992744197","248.309530930597",124.739094984151
"INAC","nl","224.786190284114","221.337536361454","220.658725054384","260.741326095504",220.929990933747
"INAC","ns","158.151566159798","156.35991543862","154.979952133318","194.296083426839",142.984483438139
"INAC","nt","2761.30699432037","2230.63045525903","2337.30693555223","2568.61502803408",3823.37164042842
"INAC","nu","1508.35399498388","1593.02091549487","2371.51923746285","2022.6850039672",1974.22684011793
"INAC","on","98.578985666276","86.1369442939606","89.095831393389","109.914146094981",78.2004775258519
"INAC","pe","68.9672880028282","79.7827059210887","69.2826867936691","84.8637850835699",60.0141208819448
"INAC","qc","89.1324761305897","94.6104900180825","96.777821868513","114.774744532536",120.099364329007
"INAC","sk","800.255441962235","701.694177679824","697.938082323188","824.633975344162",697.335087918554
"INAC","yt","5062.8624906347","5457.06647915462","5319.79613482229","5371.07300995025",4567.39585231891
"INDSC","ab","0","0","0","0",128.346182549316
"INDSC","bc","0","0","0","0",102.113680207974
"INDSC","mb","0","0","0","0",160.306654184961
"INDSC","nb","0","0","0","0",102.685156876908
"INDSC","nl","0","0","0","0",91.0038407246881
"INDSC","ns","0","0","0","0",56.1196595873215
"INDSC","nt","0","0","0","0",480.77534569908
"INDSC","nu","0","0","0","0",1131.19091708478
"INDSC","on","0","0","0","0",45.7975660721493
"INDSC","pe","0","0","0","0",28.0814295626253
"INDSC","qc","0","0","0","0",31.8060200229438
"INDSC","sk","0","0","0","0",391.764940518024
"INDSC","yt","0","0","0","0",769.812246003793
"IPC","qc","0","0.0121890497234","0","0",0
"ISC","ab","0.760445946273284","0.460554574444045","1.59125371378645","22.3793595188279",34.8089657751349
"ISC","bc","4.28821237057194","5.54129761979903","9.49380097919227","32.9609236109492",37.4656121328847
"ISC","mb","0.371683017222586","0.364227545067693","1.39243257503693","9.19718441699836",3.43540820625429
"ISC","nb","1.51379541154335","2.33807388011633","2.16141481621901","26.6503513599268",30.2575337226236
"ISC","nl","0.767870500300154","1.11898204939676","1.20417667643999","25.1966521872086",11.5272159719061
"ISC","ns","1.84582241680026","1.98159152344473","3.94074281999764","29.1661565708161",34.4103054797255
"ISC","nt","43.4457945828525","47.7729984301413","832.473598500903","39.2536974085029",30.5483088022445
"ISC","nu","0","0","0","106.566701930706",57.2925567682201
"ISC","on","24.6161372537831","33.1443004745398","35.3317311927484","59.2270636151176",67.2758474347501
"ISC","pe","2.57707318087606","2.46623772156067","3.64958602211911","30.5048420582361",22.2027226705042
"ISC","qc","33.5917565502067","18.8017520540072","16.9318314513562","49.0962704562453",47.9792877487583
"ISC","sk","0.498342876244854","0.735642670669683","5.14788523589431","24.8611172920321",23.5273439468091
"ISC","yt","0","3.63006676830871","6.02972821375759","27.3976368159204",235.59786704761
"JUS","ab","7.45799384734637","7.53213415866267","7.46782480383832","7.77248485190854",7.95874877410449
"JUS","bc","8.65171312796634","8.83846420489409","8.69862066685793","8.93980230333858",9.19267909439286
"JUS","mb","4.03595911149868","3.73880096083831","3.87600397524079","3.94618491257794",4.27492719324112
"JUS","nb","11.2975223598982","11.4695200901495","11.8588870513332","12.2957171019438",12.9393270593769
"JUS","nl","14.1797550671037","14.1660728495472","14.1571266433368","14.7820160951808",15.550633298777
"JUS","ns","12.5113669012497","12.9661031368104","13.4551007142013","13.6013213645727",13.252954094769
"JUS","nt","132.256963772543","128.975689616506","140.203805742075","152.924550792459",162.80444899686
"JUS","nu","134.280461924317","134.092583022819","135.021098289111","149.533060037027",146.602519008948
"JUS","on","8.89752791908622","8.81728876502773","8.5844021766211","9.29853408156612",9.36422900142099
"JUS","pe","23.5446245988119","22.3559855676892","23.0637183473117","23.4781089036056",25.3952305083004
"JUS","qc","7.65081893892035","7.63571013708415","7.67603840633514","7.91034818249813",7.85931533999739
"JUS","sk","13.5584533869143","13.5360320099863","13.6774396093137","14.3530084986227",15.9430363262333
"JUS","yt","94.4026008776624","93.6518847589506","93.3954413339452","106.587935323383",108.59353217901
"LAC","on","0","0","0","0.0107872278379783",0.00690405476517169
"ND","ab","0.0298234139960759","0.0297290737284376","0.0299471606908825","0",0
"ND","bc","0.261653017733769","0.268776560354542","0","0.378448153172096",0.0288308584879864
"ND","mb","0.825999563985175","0.834869965194123","0.666185442524486","0.678858126746521",0.69403348869579
"ND","nb","0.159651254104366","0.157420610818207","0","0",0
"ND","nl","6.25421398583124","3.81556260785578","0.51298401588953","0",0
"ND","ns","0.396964126839345","0.278718648379063","0","0",1.44821244035175
"ND","nt","0","3.06958959407939","0","0",0
"ND","nu","0","0","3.29106535650218","89.8701137265274",0
"ND","on","0.520131588765357","0.559039108547035","0.370122673012694","0.763549653442971",0.126225866703967
"ND","qc","0.0232755768269827","0.0447163821437735","0.00574308022309267","0",0.015556117713308
"ND","sk","0","0.14319093804784","0","0",0
"ND","yt","9.20087231082094","8.56122180747595","0","0",0
"NEB","bc","0","0.0702556105919616","0.0944928290918945","0",0.0779582228668577
"NEB","sk","0","0","0","0",0.136632204039702
"NR","ab","21.9221011069932","18.4765506909164","10.1540715486608","9.79479737144402",17.8790818269595
"NR","bc","11.0312573629728","8.82666801872043","7.40744074303365","6.9273643473807",8.87078057692231
"NR","mb","1.25431896906717","0.456502218560823","1.30119115385997","0.0743707855018111",0.150171194426166
"NR","nb","6.52052182758239","3.61044170911557","6.30990253691635","5.30766750063718",4.73842822014067
"NR","nl","1394.46730030318","1431.44565959063","577.853105078975","869.222160598526",476.668494581288
"NR","ns","69.7423780080767","95.2091043852392","49.3065715383187","19.6709609619668",290.879226323537
"NR","nt","0","3.02758466023772","0","2.20740806145424",13.4093388853014
"NR","nu","16.1473692914037","21.196997307368","0","0",0
"NR","on","9.33299375414233","8.53356066947272","4.8870330623622","4.27119578799216",9.07689107928465
"NR","pe","30.6591408508308","29.6463740876914","28.9985898563668","23.4650084095448",17.3310505216632
"NR","qc","10.0725187346955","8.69289177281805","8.03706390524861","8.68547877337322",10.5325821779867
"NR","sk","15.0357041345863","13.4055158171308","5.56049795064097","0.471588174719401",1.22835084075773
"NR","yt","4.09892432837418","7.59457967509595","0","2.86318407960199",0
"NRC","ab","3.45783445970496","2.50686659819478","3.18314002416916","4.80604817182956",2.70670120970346
"NRC","bc","13.8227556292784","13.7972817511028","15.3760587613304","16.5237321225113",15.2272054656633
"NRC","mb","0.679850059346462","0.731548759913577","0.78668516546798","1.33461192710428",0.837599154749786
"NRC","nb","6.81812983234688","5.11533814603123","5.53266091867618","5.16241489079494",5.21750074623298
"NRC","nl","8.60300191454429","10.1379363138227","9.43874397049087","12.4922382633767",10.0613272687627
"NRC","ns","6.34673935217474","5.99639295520331","7.22969253887585","5.59363643214818",5.59350125011767
"NRC","nt","0","0","0","4.02066133945521",0
"NRC","nu","0","3.20752305056164","2.69776968593537","4.54556995503835",0
"NRC","on","2.27262971237452","2.40007975944782","2.79113877694203","4.37809266925626",3.02002376099488
"NRC","pe","11.5400980181479","12.7473316687702","11.6611223400326","10.0495440449911",9.94448013568381
"NRC","qc","3.02474757330674","2.6544188657236","2.71902505953761","3.35419871353777",3.09810705017242
"NRC","sk","2.15374872855526","2.00834462717931","3.11736199529083","5.17644862102215",3.90053346336165
"NRC","yt","0","0","0","2.61761194029851",2.60449250018472
"NSERC","ab","20.1985836785117","20.5752214674904","20.2440142083654","22.2218322065103",21.9620678567497
"NSERC","bc","24.8477138081185","24.5641983752591","25.4976213961305","22.9874890747005",21.5498206777391
"NSERC","mb","4.51093476733764","4.3410330327027","4.86290454505052","4.6395948245898",4.55716597550714
"NSERC","nb","16.3711782625424","14.4507135745105","18.8685483818252","11.4693593858093",12.5514681083931
"NSERC","nl","14.3003259080829","14.3564433725284","15.60642580157","20.9919353153793",21.9990665967889
"NSERC","ns","33.3003297122308","33.6157465795815","32.1928195755314","26.4325605834771",31.5229950274591
"NSERC","nt","0","0","0","0",2.7834064441426
"NSERC","on","34.7392242495534","35.2140784110644","36.7504484180405","40.2572587247344",40.9565344185771
"NSERC","pe","10.5178741014425","11.6393499972562","9.37560854412742","19.9008659203196",25.2577414298196
"NSERC","qc","25.9812678157696","26.5788665036991","24.5166836480481","27.1184720418848",26.6613279568219
"NSERC","sk","23.2831759929782","23.160034018567","26.3748818348304","24.3672200172146",24.7681710156982
"NSERC","yt","12.3039708872953","13.283081856895","7.64876854826373","8.17283582089552",12.1084702347233
"OICC","ab","89.7587462151491","71.0754609596666","70.1216895057047","69.3596978715289",82.3864190428603
"OICC","bc","88.4715797920828","77.3717660133005","75.1125665048011","103.74371358066",100.062977779891
"OICC","mb","24.1376309861202","25.1918897881636","25.8412170723543","28.0954755194657",33.2369656307969
"OICC","nb","177.114164606798","101.492542854482","85.6502376112066","97.5668012982892",154.952198447577
"OICC","nl","96.4726954927726","83.4299960496198","150.38575617138","88.336380540672",255.632070816231
"OICC","ns","146.302848213818","86.8692967326044","96.1240017221875","80.8082733918373",154.07066035384
"OICC","nt","474.880048876519","2127.04642296479","1543.79365114775","2636.71698821244",2498.15186265559
"OICC","nu","1393.67122343797","447.343378573177","467.682802752416","479.550912457022",219.985387679098
"OICC","on","94.342451861248","81.0648741056465","88.9039360274538","78.9804160818977",91.1033184201148
"OICC","pe","409.471187239618","125.980231026724","122.829043586868","363.923670240723",262.034903890631
"OICC","qc","82.1149218130498","81.3756240945822","74.286552740882","66.1398863126402",62.923271069956
"OICC","sk","71.3746485092143","83.3537374010628","73.2464445800994","80.7979623659531",140.961055552092
"OICC","yt","2113.53419672482","450.388071079333","481.049411044822","567.603184079602",491.073643506318
"PCA","ab","0.0519686069326357","0.0239133475936596","0.0295495420530171","0.268448667829322",0.310339168829629
"PCA","bc","0","0.0206947003976487","0.0408098802352445","0.206201107525853",0.298281676633418
"PCA","mb","0.067376401908776","0.0468701612835728","0.0697369192451203","0.110560000261446",0.109304256750498
"PCA","nb","0.185628000864354","0.196775763522758","0.196102784005857","0.32509245629457",0.152129445254927
"PCA","nl","0","0","0.250405750496548","0.36727363896576",2.38358281466973
"PCA","ns","0","0","0","0.135025372209476",0.975146605648649
"PCA","nt","3.94632634127577","15.8324736488002","13.7278872108328","7.71444969317028",5.23414015008128
"PCA","nu","4.06934376980955","2.94916637201839","80.3234357010897","0",12.8926705632856
"PCA","on","0","0.0617377933484818","0.053407184711397","0.113093401980244",0.208632940543247
"PCA","pe","0","0","0.802908924866204","0.785569746662462",0.959937297630673
"PCA","qc","0.901866615509399","0.69057000262674","0.797985883629719","0.710333103964099",0.568952232519284
"PCA","sk","0.111726251021178","0.132608759073754","0.156972181041249","0.286334759832408",0.145171716792183
"PCO","on","0","0","0","0",0.00760315935069298
"PHAC","ab","3.83693626916648","5.14383591617415","3.87859015116127","3.66290550630236",4.07558756220838
"PHAC","bc","4.78379022560832","6.30858654161549","3.87669519141262","3.99351256318984",5.03490423596828
"PHAC","mb","3.08530872271879","3.11755969070476","2.65285481671719","2.61630024979732",2.88632676312332
"PHAC","nb","4.95903803686155","5.90027273120824","4.9473320216236","4.4547939433975",4.80563441432664
"PHAC","nl","7.01959614667189","7.28355602262868","8.66404615530124","7.76490285720798",10.2055457157175
"PHAC","ns","7.71026230653304","6.98794107075635","6.19375664815034","5.54716572323357",5.70561565062496
"PHAC","nt","67.2629375692983","80.0015698587127","76.5475494679546","74.7123305814313",82.6101004253045
"PHAC","nu","125.497560841165","152.990398999102","112.548100350746","96.4461782597196",102.907929447059
"PHAC","on","4.41756989464413","5.9385993386914","4.52682041733753","4.90413308992058",5.58482445957476
"PHAC","pe","13.972902903805","14.9506324425177","12.66539977572","12.7052848733312",13.9033188569666
"PHAC","qc","1.92818602527017","2.89541380909632","1.80491893007504","1.76553729244577",2.15946595066131
"PHAC","sk","9.28650364763864","9.4047360776274","9.40201709252638","8.54740565183418",12.0813738709697
"PHAC","yt","78.0079203681901","76.4480836969665","70.3086533068176","72.5615671641791",64.7633309524396
"PSEP","ab","135.712669379648","2.35413730805055","26.1329228232153","80.3913804167397",8.41511677696183
"PSEP","bc","3.55903441094852","13.4961434391074","2.99231611169991","13.0467769662926",48.7207397588165
"PSEP","mb","65.7548787636557","6.64438173833298","6.23992455174527","23.3720259680901",2.76604983657408
"PSEP","nb","16.8390891075541","2.26148744111485","10.6770683941143","56.0140049830172",4.37850357998002
"PSEP","nl","78.0934812702272","91.8679684650032","3.35397332828904","20.7965025176023",4.05935526320823
"PSEP","ns","1.2490582320717","2.50461408236227","10.2933153375994","3.06681871849408",15.1243362790664
"PSEP","nt","75.7346864888104","73.6585108768782","8.28989225243715","5.48805792238753",104.913892538244
"PSEP","nu","168.757379489017","27.8907716158512","47.7937561915982","39.6715683681566",35.1176227176331
"PSEP","on","3.93325052341428","3.64497368915311","3.85501480782523","19.1960117064506",8.22401400087074
"PSEP","pe","12.5457267830777","0","0","1.36659045516661",63.6593513902452
"PSEP","qc","9.75300300879707","16.2390523745183","4.51137680010804","10.3198731488407",25.5968884213273
"PSEP","sk","121.79208906638","166.700918625077","2.03492194994332","78.8242051191825",113.768278613559
"PSEP","yt","22.8749063469978","17.9935334630146","22.6410687879251","188.631218905473",8.45484101376813
"RCMP","nb","1.28467299472428","1.27904246289793","1.27466809603807","1.26786057954882",1.25987385755285
"RCMP","ns","1.07815579036411","1.07344249464579","1.06522996268594","1.05659551841369",1.04374739451065
"RCMP","on","0.468549056098599","0.46260776482109","0.439030637485335","0.431840203115162",0.433298477062176
"RCMP","pe","1.5596947157543","1.54337924600779","1.51086817843017","1.47824030274361",1.44549519453153
"RCMP","qc","0.719215323953766","0.715619109260813","0.709844715574254","0.702587883320868",0.694989552665139
"SEN","on","0.00955957120263119","0.0100492561635344","0.0170760787982182","0",0
"SSHRC","ab","11.7653816340867","12.1519698022247","11.9301264436724","12.8252581250658",12.9896253672515
"SSHRC","bc","19.4550827395839","18.9176760679241","18.6478150186073","19.7625853017634",19.1479087655891
"SSHRC","mb","4.02435651478817","4.00788303503425","3.96143477446844","4.42209234494113",4.40523146814878
"SSHRC","nb","12.6820137875059","12.3190338572379","11.7132127519104","12.4376329628146",11.5261866396515
"SSHRC","nl","15.9902776752016","15.7797748094272","15.2438097039629","16.3013810250089",16.4294018186061
"SSHRC","ns","22.3564480796692","22.2921365998073","24.1339845003124","26.4831689303478",25.3455538326425
"SSHRC","nt","0","0","3.05708613112633","3.215840360249",0
"SSHRC","on","19.2995490809708","19.6569598260636","19.6856202260772","20.8334942845071",20.8855150307486
"SSHRC","pe","12.8760978517805","10.4551253909894","11.5635269706757","8.96294544307789",9.5178213496428
"SSHRC","qc","20.7942895944819","21.5483958296385","21.4051302996086","23.2890325205684",23.4503640024059
"SSHRC","sk","15.3110065552026","15.4022766271758","14.4104107438737","14.7891670590833",15.6247123251642
"SSHRC","yt","0","0","5.25549436540717","6.08467661691542",2.95559222679244
"SWC","ab","0.0543080686965579","0.0635260470160327","0.220619717723863","0.252621868108602",0.16869678257446
"SWC","bc","0.154779382478179","0.101720040023551","0.127510470795021","0.33182737745372",0.210257035178867
"SWC","mb","0","0","0.11643559712769","0.0722297323006541",0.189953069490664
"SWC","nb","0.731162082250694","0.432906679750069","0.727202724521346","1.23003542207404",0.621480913880192
"SWC","nl","0.644400384045085","0.279314561781867","0.18916107065166","0.348572535627254",1.34477963650831
"SWC","ns","0.414106599478143","0.273918471429696","0","1.13592030781598",0.456440355887863
"SWC","nt","2.26280180119023","0","0","0",3.11741521743971
"SWC","nu","0","0","0","3.96574980163978",0
"SWC","on","0.362869188126287","0.308537771201122","0.288371242022671","0.345297460309146",0.531438510900329
"SWC","pe","0.720925557504211","2.21090105910114","3.05888356914069","3.73502049826553",1.17566942488565
"SWC","qc","0.248680182916633","0.245713080739656","0.33394379253431","0.253845804038893",0.366452211507422
"SWC","sk","0.22895837169268","0","0.200932240341851","0.447883623894118",0.0986313722911598
"SWC","yt","0","0","3.54586711539442","0",2.46956971503165
"TC","ab","5.0092890536056","8.69302579174105","7.91488786303385","1.05794943034026",1.27372928044099
"TC","bc","39.1522679059616","23.5626135751026","15.7343097233213","10.9452098742998",11.1817380587226
"TC","mb","5.91283772981615","1.99394274905453","1.89996770826044","2.89386660155425",4.10037691043763
"TC","nb","9.00338626625276","0.275350949574243","1.07684745164432","0.269025710912183",3.19068675400931
"TC","nl","22.9960326703443","14.1459882849491","11.2034313818216","4.01690620767987",8.23728907573955
"TC","ns","23.6985616343986","6.68470366297951","4.71092048390092","0.73787388420894",0.953344801796611
"TC","nt","15.3205032471206","27.8389100695223","32.1226716041671","44.8694097390844",26.3213387071634
"TC","nu","150.991400931566","0","0","0",30.8066777013397
"TC","on","5.90022472797819","28.0571714563952","27.1835155917269","14.8027773855327",6.55059443221123
"TC","pe","147.9776859676","128.770845909016","119.638405597599","171.478338852097",134.732364958627
"TC","qc","15.7088180012821","6.64078724196544","5.94730560670927","7.00627494390426",7.69078398396517
"TC","sk","12.8174276863013","6.39846987173197","7.92718147728264","3.704367985014",2.15733454480554
"TC","yt","18.7232152413572","88.3975868776615","19.2453469991331","14.5042537313433",16.7310164774267
"VAC","ab","0","0","0","0.023343362419941",0
"VAC","on","0.181786792256834","0.173189389966884","0.295017166454861","0.602602458652354",0.627028808273156
"VAC","qc","1.03656360363751","1.04183818183259","1.09420791618924","1.08885624532536",1.07959542161575
"WDO","ab","7.89649395635007","8.11907101427268","7.16665870799001","8.14051443635234",11.1957130258767
"WDO","bc","11.3145089946759","9.91319959728113","9.13775375073407","11.3854960266887",12.1950043394006
"WDO","mb","5.93240801298355","4.58815691460424","4.17103227661019","5.58444613087269",6.84748331437557
"WDO","on","0.0391368309551085","0.0768531496115708","0.10729359099506","0.114755038820328",0.0487761113077232
"WDO","qc","0","0","0","0.418848167539267",0
"WDO","sk","17.4180805251313","16.0533131414396","17.9096241388332","15.4369097579781",25.8159743541353
"ZGOC","ab","2575.39305210377","2605.15461581414","2793.41587458134","3042.58863369666",3232.72311137394
"ZGOC","bc","2926.7347625216","3019.68655558441","3138.00106452573","3335.64390921086",3519.45945612846
"ZGOC","mb","1689.08231548095","1630.37797843733","1659.61192657341","1765.70482645027",1846.63226260492
"ZGOC","nb","5539.1983152996","5667.85523600629","5666.10873114962","6017.7106807176",6164.80100712378
"ZGOC","nl","5037.85667619205","5035.99678488195","4311.61954223021","4803.34585265141",4764.06770233619
"ZGOC","ns","5350.29461235048","5364.07748872267","5389.95092715316","5486.09113898612",5963.91584954728
"ZGOC","nt","32156.8866562578","35561.2239067055","36134.6007540099","36401.4476182067",40156.8443964461
"ZGOC","nu","45362.3710001929","45215.8329208257","46597.6834721144","47041.2573922243",47598.7236848911
"ZGOC","on","3235.82087629281","3218.9623542644","3310.22174994899","3468.14882091123",3504.05732754258
"ZGOC","pe","6408.69766184432","6423.09351506338","6194.37376864243","6771.31982550195",6726.90466798581
"ZGOC","qc","3843.44649759533","3928.71441885353","3976.39148268558","4221.60355338818",4465.13447260639
"ZGOC","sk","4029.14321517761","4051.28468890427","3876.59107961978","4309.57934922664",4624.53591163995
"ZGOC","yt","32058.2682489564","31699.166894485","31194.2213808577","31595.7470149254",32215.6193197212