dept_code,activity_code,pa_last_year_5,pa_last_year_4,pa_last_year_3,pa_last_year_2,pa_last_year,pa_last_year_planned,planning_year_1,planning_year_2,planning_year_3,planning_year_0
ACOA,BED01,36.00,43.00,41.00,38.00,40.00,32.00,30.00,29.00,28.00,32.00
ACOA,BED02,71.00,76.00,69.00,69.00,62.00,75.00,70.00,69.00,66.00,75.00
ACOA,BED03,58.00,55.00,52.00,48.00,49.00,57.00,52.00,51.00,48.00,56.00
ACOA,BED04,14.00,16.00,15.00,11.00,12.00,14.00,12.00,11.00,8.00,15.00
ACOA,BED05,99.00,97.00,101.00,97.00,94.00,92.00,94.00,94.00,92.00,93.00
ACOA,BED06,39.00,39.00,39.00,37.00,34.00,41.00,40.00,40.00,40.00,41.00
ACOA,BED07,66.00,68.00,69.00,71.00,73.00,67.00,61.00,59.00,56.00,67.00
ACOA,ISS00,201.00,201.00,210.00,199.00,205.00,195.00,175.00,170.00,159.00,193.00
AECB,BTJ01,73.00,72.00,81.00,85.00,93.00,92.00,108.00,110.00,107.00,102.00
AECB,BTJ02,279.00,284.00,272.00,288.00,302.00,313.00,347.00,348.00,347.00,332.00
AECB,BTJ03,77.00,79.00,78.00,85.00,91.00,86.00,89.00,91.00,91.00,84.00
AECB,BTJ04,29.00,25.00,30.00,37.00,38.00,35.00,36.00,35.00,35.00,36.00
AECB,BTJ05,123.00,132.00,156.00,149.00,170.00,159.00,179.00,171.00,168.00,175.00
AECB,ISS00,269.00,279.00,291.00,324.00,321.00,319.00,341.00,348.00,342.00,338.00
AGR,BWN01,190.00,181.00,183.00,189.00,180.00,193.00,189.00,188.00,188.00,178.00
AGR,BWN02,191.00,218.00,207.00,198.00,204.00,201.00,201.00,172.00,165.00,202.00
AGR,BWN03,20.00,18.00,18.00,19.00,18.00,20.00,19.00,19.00,19.00,17.00
AGR,BWN04,36.00,40.00,51.00,70.00,91.00,76.00,86.00,86.00,70.00,124.00
AGR,BWN05,30.00,30.00,31.00,31.00,31.00,33.00,29.00,29.00,29.00,33.00
AGR,BWN06,23.00,,,,,,,,,
AGR,BWN07,5.00,5.00,4.00,2.00,2.00,2.00,0.00,0.00,0.00,2.00
AGR,BWN09,24.00,31.00,32.00,31.00,29.00,0.00,24.00,0.00,0.00,25.00
AGR,BWN10,,,11.00,11.00,8.00,10.00,,,,8.00
AGR,BWO01,2360.00,2336.00,2326.00,2327.00,2335.00,2281.00,2201.00,2196.00,1946.00,2346.00
AGR,BWO02,181.00,204.00,182.00,126.00,125.00,185.00,134.00,134.00,130.00,123.00
AGR,BWO03,29.00,37.00,29.00,31.00,17.00,32.00,14.00,14.00,15.00,17.00
AGR,BWO04,9.00,15.00,51.00,77.00,102.00,82.00,80.00,80.00,2.00,97.00
AGR,BWO05,12.00,12.00,6.00,7.00,6.00,5.00,,,,6.00
AGR,BWO06,23.00,27.00,28.00,33.00,36.00,32.00,31.00,31.00,32.00,36.00
AGR,BWP01,150.00,143.00,136.00,140.00,141.00,136.00,140.00,140.00,140.00,142.00
AGR,BWP02,117.00,107.00,102.00,108.00,100.00,103.00,102.00,102.00,102.00,99.00
AGR,BWP03,5.00,9.00,10.00,13.00,13.00,11.00,13.00,13.00,13.00,12.00
AGR,BWP04,18.00,18.00,19.00,22.00,21.00,22.00,17.00,17.00,17.00,20.00
AGR,BWP05,7.00,10.00,5.00,,,,,,,
AGR,BWP06,27.00,30.00,34.00,31.00,33.00,30.00,32.00,32.00,32.00,33.00
AGR,BWP07,13.00,9.00,9.00,12.00,10.00,12.00,10.00,10.00,10.00,10.00
AGR,BWP08,57.00,56.00,55.00,57.00,58.00,53.00,60.00,60.00,60.00,58.00
AGR,BWP09,26.00,33.00,35.00,16.00,18.00,17.00,8.00,8.00,8.00,18.00
AGR,BWP10,8.00,10.00,10.00,10.00,11.00,10.00,9.00,9.00,9.00,12.00
AGR,BWP11,,,,,,,0.00,0.00,0.00,0.00
AGR,BWP12,10.00,17.00,,,,,,,,
AGR,BWP13,,,,4.00,6.00,0.00,,,,0.00
AGR,BWP14,,,,1.00,1.00,1.00,1.00,1.00,1.00,1.00
AGR,BWP15,,,,,,,4.00,4.00,4.00,
AGR,ISS01,329.00,336.00,366.00,348.00,349.00,331.00,324.00,303.00,283.00,342.00
AGR,ISS02,90.00,94.00,93.00,99.00,104.00,95.00,94.00,92.00,87.00,102.00
AGR,ISS03,7.00,6.00,5.00,8.00,9.00,8.00,9.00,9.00,8.00,8.00
AGR,ISS04,231.00,250.00,261.00,271.00,261.00,271.00,230.00,225.00,220.00,256.00
AGR,ISS05,238.00,257.00,256.00,267.00,274.00,264.00,250.00,190.00,169.00,275.00
AGR,ISS06,125.00,120.00,135.00,140.00,143.00,140.00,127.00,124.00,118.00,145.00
AGR,ISS07,209.00,242.00,278.00,292.00,313.00,303.00,280.00,272.00,258.00,317.00
AGR,ISS08,49.00,51.00,45.00,46.00,48.00,46.00,47.00,46.00,44.00,48.00
AGR,ISS09,1.00,1.00,0.00,1.00,1.00,1.00,1.00,1.00,1.00,1.00
AGR,ISS0Z,15.00,31.00,32.00,35.00,36.00,32.00,35.00,35.00,35.00,36.00
ATSSC,BEE01,161.00,171.00,189.00,212.00,211.00,225.00,178.00,177.00,172.00,197.00
ATSSC,BEE02,56.00,66.00,68.00,67.00,61.00,65.00,58.00,55.00,50.00,61.00
ATSSC,BEE03,288.00,301.00,319.00,307.00,290.00,298.00,289.00,286.00,282.00,312.00
ATSSC,ISS00,134.00,146.00,155.00,157.00,155.00,159.00,136.00,134.00,131.00,150.00
CAS,BEG01,187.00,189.00,188.00,204.00,210.51,197.00,,,,212.00
CAS,BEG02,344.00,333.00,352.00,357.00,371.68,364.00,,,,373.00
CAS,BEG03,5.00,9.00,2.00,,,,,,,0.00
CAS,BEG04,32.00,31.00,33.00,36.00,35.72,39.00,,,,37.00
CAS,BEG05,,,,,,,634.00,622.00,635.00,
CAS,ISS00,185.00,193.00,217.00,244.00,266.00,271.00,199.00,199.00,199.00,252.00
CASDO,BXZ01,13.00,18.00,20.00,21.00,23.00,22.00,25.00,25.00,25.00,22.00
CASDO,BXZ02,12.00,16.00,15.00,18.00,16.00,18.00,20.00,20.00,20.00,18.00
CASDO,ISS00,14.00,16.00,22.00,24.00,23.00,18.00,18.00,18.00,18.00,18.00
CB,BEZ01,21.00,20.00,20.00,21.00,21.00,21.00,21.00,21.00,21.00,21.00
CB,ISS00,4.00,4.00,4.00,4.00,5.00,4.00,5.00,5.00,5.00,5.00
CBSA,BUF01,306.00,317.00,279.00,286.00,299.00,427.00,387.00,382.00,384.00,344.00
CBSA,BUF02,606.00,645.00,741.00,798.00,816.00,862.00,959.00,931.00,929.00,908.00
CBSA,BUF03,132.00,135.00,158.00,172.00,184.00,197.00,278.00,238.00,221.00,215.00
CBSA,BUF04,4463.00,4514.00,4764.00,5059.00,5261.00,6078.00,6106.00,6099.00,6025.00,6008.00
CBSA,BUF05,3407.00,3434.00,2753.00,2810.00,2863.00,2634.00,3405.00,3653.00,3953.00,2770.00
CBSA,BUF06,81.00,88.00,87.00,89.00,89.00,90.00,141.00,128.00,136.00,107.00
CBSA,BUF07,176.00,152.00,205.00,241.00,244.00,206.00,272.00,271.00,272.00,207.00
CBSA,BUF08,81.00,85.00,88.00,93.00,107.00,115.00,122.00,121.00,121.00,130.00
CBSA,BUF09,123.00,124.00,126.00,129.00,136.00,134.00,181.00,188.00,189.00,142.00
CBSA,BUF10,375.00,417.00,457.00,454.00,424.00,357.00,411.00,413.00,396.00,391.00
CBSA,BUF11,152.00,173.00,205.00,204.00,221.00,342.00,139.00,146.00,203.00,272.00
CBSA,BUF12,121.00,126.00,134.00,140.00,131.00,209.00,162.00,210.00,211.00,149.00
CBSA,BUF13,,,594.00,599.00,629.00,592.00,672.00,668.00,668.00,634.00
CBSA,BUG01,525.00,549.00,661.00,707.00,660.00,557.00,698.00,681.00,651.00,650.00
CBSA,BUG02,132.00,140.00,181.00,219.00,245.00,200.00,344.00,342.00,339.00,307.00
CBSA,BUG03,381.00,392.00,450.00,493.00,505.00,436.00,552.00,521.00,512.00,575.00
CBSA,BUG04,301.00,335.00,361.00,393.00,419.00,389.00,481.00,452.00,435.00,439.00
CBSA,BUG05,308.00,319.00,331.00,339.00,341.00,429.00,401.00,414.00,414.00,364.00
CBSA,ISS01,771.00,958.00,887.00,919.00,901.00,788.00,535.00,518.00,517.00,778.00
CBSA,ISS02,121.00,128.00,119.00,116.00,117.00,120.00,117.00,122.00,123.00,119.00
CBSA,ISS03,8.00,8.00,9.00,10.00,8.00,13.00,17.00,17.00,18.00,17.00
CBSA,ISS04,635.00,695.00,832.00,829.00,856.00,569.00,531.00,535.00,535.00,585.00
CBSA,ISS05,256.00,270.00,271.00,269.00,277.00,278.00,331.00,326.00,325.00,361.00
CBSA,ISS06,61.00,85.00,103.00,111.00,128.00,49.00,67.00,64.00,65.00,60.00
CBSA,ISS07,630.00,715.00,684.00,744.00,789.00,108.00,491.00,509.00,510.00,556.00
CBSA,ISS08,160.00,159.00,140.00,143.00,130.00,115.00,125.00,123.00,123.00,124.00
CBSA,ISS09,35.00,43.00,44.00,43.00,44.00,34.00,32.00,32.00,32.00,32.00
CBSA,ISS0Z,49.00,51.00,53.00,61.00,66.00,44.00,42.00,41.00,42.00,45.00
CCMD,BTR01,492.00,493.00,512.00,491.00,459.00,497.00,467.00,458.00,440.00,483.00
CCMD,ISS00,176.00,176.00,194.00,189.00,155.00,184.00,156.00,153.00,147.00,178.00
CCOHS,BFZ01,70.80,80.20,69.10,68.00,68.90,62.80,73.70,73.20,70.20,70.50
CCOHS,ISS00,26.80,26.00,32.80,30.80,34.80,36.90,37.00,37.00,37.00,41.40
CCRA,BRA01,10653.00,13082.00,13887.00,12082.00,10876.00,8252.00,9795.00,9773.00,9624.00,9467.00
CCRA,BRA02,5058.00,6320.00,7136.00,6954.00,6682.00,6230.00,6945.00,6616.00,6594.00,6453.00
CCRA,BRA03,5345.00,5925.00,6795.00,6600.00,6691.00,6682.00,6146.00,6249.00,6233.00,6761.00
CCRA,BRA04,7191.00,,,,,,,,,
CCRA,BRA05,3308.00,,,,,,,,,
CCRA,BRA06,1577.00,1741.00,1917.00,2068.00,2225.00,2096.00,2364.00,2127.00,2039.00,2213.00
CCRA,BRA07,283.00,443.00,675.00,859.00,753.00,377.00,411.00,410.00,411.00,382.00
CCRA,BRA08,144.00,185.00,205.00,253.00,250.00,120.00,134.00,131.00,132.00,128.00
CCRA,BRA09,346.00,329.00,343.00,337.00,341.00,330.00,291.00,289.00,289.00,331.00
CCRA,BRA10,200.00,192.00,211.00,219.00,229.00,238.00,216.00,206.00,206.00,255.00
CCRA,BRA11,1313.00,1359.00,1439.00,1479.00,1477.00,1551.00,1450.00,1340.00,1268.00,1556.00
CCRA,BRA12,,10556.00,11740.00,13015.00,13183.00,12878.00,12434.00,12465.00,12190.00,13053.00
CCRA,BRB01,1463.00,2067.00,2614.00,2658.00,2303.00,2360.00,1556.00,1549.00,1540.00,2156.00
CCRA,BRC01,33.00,34.00,37.00,42.00,43.00,35.00,33.00,33.00,33.00,38.00
CCRA,ISS01,1246.00,1539.00,1851.00,1851.00,1818.00,1591.00,1501.00,1458.00,1451.00,1545.00
CCRA,ISS02,262.00,367.00,311.00,310.00,339.00,404.00,306.00,299.00,294.00,347.00
CCRA,ISS03,28.00,33.00,36.00,38.00,39.00,34.00,33.00,33.00,33.00,36.00
CCRA,ISS04,1301.00,1450.00,1705.00,1821.00,1733.00,1379.00,1498.00,1496.00,1472.00,1411.00
CCRA,ISS05,661.00,696.00,714.00,717.00,717.00,795.00,756.00,743.00,1341.00,913.00
CCRA,ISS06,140.00,195.00,137.00,143.00,159.00,194.00,172.00,163.00,164.00,212.00
CCRA,ISS07,2180.00,2848.00,2818.00,3195.00,3133.00,2551.00,2917.00,3020.00,2955.00,2937.00
CCRA,ISS08,231.00,244.00,257.00,263.00,257.00,245.00,230.00,230.00,230.00,255.00
CCRA,ISS09,277.00,255.00,246.00,244.00,251.00,285.00,252.00,251.00,250.00,272.00
CCRA,ISS0Z,84.00,90.00,94.00,86.00,86.00,87.00,58.00,58.00,58.00,83.00
CEAA,BGV01,111.00,,,,,,,,,
CEAA,BGV02,256.00,,,,,,,,,
CEAA,BGV03,,313.00,310.00,355.00,378.00,399.00,361.00,351.00,127.00,390.00
CEAA,BGV04,,37.00,37.00,46.00,49.00,67.00,52.00,51.00,18.00,60.00
CEAA,ISS20,79.00,84.00,84.00,107.00,140.00,123.00,166.00,163.00,58.00,150.00
CEO,BGG01,320.00,492.00,,,,,,,,
CEO,BGG02,91.00,103.00,,,,,,,,
CEO,BGG03,110.00,164.00,,,,,,,,
CEO,BGG04,130.00,137.00,,,,,,,,
CEO,BXX01,43.00,43.00,,,,,,,,
CEO,BYG01,,,28.00,8.00,,,0.00,0.00,0.00,0.00
CEO,BYI01,,,94.00,137.00,180.00,136.00,143.00,149.00,152.00,155.00
CEO,BYI02,,,210.00,253.00,326.00,330.00,386.00,378.00,382.00,300.00
CEO,BYI03,,,105.00,151.00,165.00,166.00,150.00,158.00,160.00,148.00
CEO,BYI04,,,97.00,110.00,113.00,118.00,108.00,110.00,111.00,105.00
CEO,BYJ01,,,44.00,50.00,64.00,62.00,99.00,99.00,99.00,86.00
CEO,BYJ02,,,107.00,100.00,110.00,102.00,114.00,96.00,95.00,100.00
CEO,BYJ03,,,32.00,29.00,31.00,34.00,36.00,32.00,31.00,32.00
CEO,ISS00,262.00,311.00,320.00,370.00,413.00,390.00,429.00,429.00,433.00,430.00
CFGB,BUZ01,34.00,34.00,33.00,33.00,37.00,42.00,39.00,37.00,37.00,39.00
CFGB,ISS00,14.00,13.00,15.00,14.00,14.00,14.00,13.00,12.00,12.00,14.00
CFIA,BUH01,156.00,168.64,190.00,203.00,191.00,167.00,174.00,75.00,60.00,169.00
CFIA,BUH02,15.00,23.36,24.00,32.00,30.00,16.00,16.00,16.00,16.00,18.00
CFIA,BUH03,369.00,385.90,385.00,389.00,361.00,414.00,333.00,324.00,322.00,437.00
CFIA,BUH04,242.00,270.77,298.00,289.00,268.00,268.00,252.00,252.00,252.00,258.00
CFIA,BUH05,226.00,249.65,257.00,279.00,276.00,261.00,249.00,150.00,131.00,271.00
CFIA,BUH06,67.00,69.82,74.00,80.00,78.00,68.00,60.00,60.00,60.00,67.00
CFIA,BUH07,450.00,483.50,558.00,575.00,560.00,365.00,336.00,329.00,328.00,497.00
CFIA,BUH08,215.00,215.86,227.00,227.00,213.00,223.00,188.00,174.00,172.00,210.00
CFIA,BUH09,420.00,442.86,446.00,460.00,466.00,442.00,400.00,301.00,280.00,412.00
CFIA,BUH10,159.00,143.83,147.00,153.00,152.00,130.00,112.00,112.00,112.00,122.00
CFIA,BUH11,2319.00,2396.43,2380.00,2328.00,2245.00,2312.00,2188.00,2174.00,2171.00,2287.00
CFIA,BUH12,359.00,369.94,378.00,380.00,369.00,333.00,317.00,305.00,303.00,316.00
CFIA,BUH13,41.00,41.58,41.00,42.00,40.00,28.00,30.00,30.00,30.00,29.00
CFIA,BUH14,33.00,33.32,34.00,36.00,35.00,31.00,34.00,34.00,34.00,31.00
CFIA,BUH15,85.00,110.65,120.00,129.00,132.00,54.00,83.00,84.00,85.00,51.00
CFIA,ISS01,123.00,126.58,136.00,145.00,139.00,126.00,133.00,116.00,116.00,125.00
CFIA,ISS02,107.00,125.71,128.00,114.00,113.00,119.00,106.00,98.00,98.00,117.00
CFIA,ISS03,7.00,8.46,10.00,11.00,11.00,9.00,7.00,7.00,7.00,8.00
CFIA,ISS04,267.00,305.20,343.00,352.00,316.00,278.00,267.00,226.00,220.00,276.00
CFIA,ISS05,142.00,146.57,149.00,153.00,144.00,146.00,131.00,111.00,108.00,142.00
CFIA,ISS06,41.00,63.99,73.00,70.00,37.00,58.00,29.00,24.00,22.00,57.00
CFIA,ISS07,239.00,277.03,263.00,315.00,325.00,233.00,248.00,236.00,231.00,228.00
CFIA,ISS08,60.00,60.42,55.00,58.00,56.00,52.00,49.00,43.00,42.00,51.00
CFIA,ISS09,9.00,3.67,9.00,10.00,8.00,9.00,8.00,8.00,8.00,9.00
CFIA,ISS0Z,17.00,21.92,23.00,23.00,19.00,24.00,18.00,18.00,18.00,23.00
CGC,BGB01,221.00,227.00,220.00,228.00,232.00,234.00,244.00,244.00,244.00,254.00
CGC,BGB02,50.00,56.00,62.00,61.00,59.00,62.00,58.00,58.00,58.00,61.00
CGC,BGB03,35.00,36.00,43.00,42.00,42.00,43.00,41.00,41.00,41.00,52.00
CGC,ISS00,130.00,145.00,148.00,144.00,144.00,146.00,146.00,146.00,146.00,143.00
CH,BSD01,136.70,148.40,166.80,138.00,130.00,139.40,119.00,109.00,92.00,138.00
CH,BSD02,129.40,133.10,131.00,112.00,120.00,122.70,93.00,80.00,79.00,130.00
CH,BSD03,149.90,148.70,171.10,172.00,164.00,150.20,159.00,152.00,153.00,155.00
CH,BSE01,108.60,116.50,130.30,130.00,125.00,127.90,123.00,115.00,115.00,127.00
CH,BSE02,53.90,60.80,67.40,56.00,54.00,55.50,47.00,47.00,47.00,57.00
CH,BSE03,118.10,140.80,150.70,140.00,142.00,137.50,121.00,119.00,119.00,138.00
CH,BSE04,6.20,5.80,6.50,5.00,5.00,5.30,4.00,4.00,4.00,5.00
CH,BSF01,96.40,100.60,108.60,110.00,136.00,148.30,119.00,115.00,110.00,136.00
CH,BSG01,87.30,105.90,115.60,112.00,129.00,104.50,100.00,98.00,98.00,140.00
CH,BSG02,15.90,20.10,13.50,15.00,15.00,14.72,19.00,19.00,19.00,17.00
CH,BSG03,55.70,67.80,71.30,55.00,58.00,52.33,56.00,56.00,56.00,56.00
CH,BSG04,35.90,40.50,41.60,31.00,32.00,31.00,28.00,28.00,28.00,33.00
CH,BSH01,148.80,163.30,178.80,159.00,171.00,176.20,144.00,140.00,138.00,173.00
CH,ISS01,276.70,286.20,300.40,278.00,262.00,270.50,304.00,312.00,246.00,264.00
CH,ISS02,104.70,108.30,110.10,96.00,100.00,101.90,106.00,102.00,96.00,101.00
CH,ISS03,4.30,4.80,4.10,4.00,4.00,4.30,4.00,4.00,3.00,4.00
CH,ISS04,99.50,112.30,127.80,106.00,104.00,109.90,98.00,93.00,92.00,114.00
CH,ISS05,66.50,66.40,69.20,67.00,68.00,68.20,92.00,92.00,91.00,73.00
CH,ISS06,18.30,16.40,17.50,15.00,15.00,13.50,4.00,4.00,3.00,12.00
CH,ISS07,91.80,105.60,107.20,90.00,89.00,89.60,86.00,85.00,82.00,95.00
CH,ISS08,28.00,25.50,25.60,21.00,21.00,26.30,30.00,29.00,29.00,29.00
CH,ISS09,4.70,5.50,5.10,6.00,6.00,4.70,5.00,5.00,5.00,5.00
CH,ISS0Z,7.10,8.30,11.90,14.00,14.00,10.90,11.00,11.00,11.00,11.00
CHRC,BSA01,29.00,33.00,39.00,40.00,38.00,30.50,35.00,35.00,33.00,37.00
CHRC,BSB01,89.00,91.00,94.00,97.00,90.79,91.40,85.00,84.00,82.00,95.00
CHRC,BSC01,32.00,53.00,57.00,55.00,53.54,59.50,53.00,52.00,50.00,59.00
CHRC,ISS00,92.00,99.00,98.00,107.00,100.31,99.00,94.00,92.00,89.00,92.00
CI,BGD01,748.00,721.00,898.00,1323.00,1108.00,1121.00,517.75,419.43,408.79,1487.00
CI,BGD02,257.00,428.00,541.00,544.00,730.00,782.00,524.28,523.72,515.54,669.00
CI,BGD03,535.00,535.00,700.00,782.00,968.00,950.00,891.08,886.41,873.14,1054.00
CI,BGE01,543.00,802.00,846.00,964.00,931.00,878.00,918.05,846.84,748.47,811.00
CI,BGE02,291.00,373.00,547.00,574.00,565.00,652.00,486.32,679.49,671.06,633.00
CI,BGE03,687.00,831.00,928.00,943.00,893.00,1015.00,747.08,740.15,733.14,930.00
CI,BGE04,182.00,212.00,253.00,251.00,210.00,254.00,313.66,312.50,309.64,254.00
CI,BGE05,296.00,366.00,586.00,594.00,525.00,904.00,449.19,421.68,414.45,420.00
CI,BGE06,783.00,840.00,905.00,922.00,1003.00,966.00,1455.21,1114.21,830.11,1022.00
CI,BGE07,347.00,385.00,472.00,537.00,494.00,508.00,402.31,396.41,342.71,487.00
CI,BGF01,917.00,864.00,1102.00,1234.00,1114.00,1037.00,928.84,926.12,913.91,1074.00
CI,BGF02,896.00,893.00,960.00,930.00,896.00,932.00,806.17,818.20,818.20,770.00
CI,ISS01,530.00,629.00,540.00,706.00,771.00,619.00,511.54,474.24,454.12,646.00
CI,ISS02,149.00,157.00,185.00,228.00,241.00,232.00,215.37,212.29,208.42,226.00
CI,ISS03,48.00,76.00,91.00,108.00,116.00,110.00,123.89,116.56,93.04,110.00
CI,ISS04,354.00,386.00,453.00,625.00,641.00,659.00,546.77,603.46,433.48,580.00
CI,ISS05,290.00,308.00,365.00,442.00,420.00,327.00,390.82,373.60,364.83,345.00
CI,ISS06,69.00,86.00,99.00,121.00,137.00,96.00,95.28,85.98,80.87,99.00
CI,ISS07,409.00,522.00,670.00,695.00,878.00,710.00,1012.51,701.72,689.76,921.00
CI,ISS08,52.00,54.00,62.00,79.00,77.00,122.00,100.61,97.26,95.59,107.00
CI,ISS09,14.00,10.00,10.00,19.00,20.00,11.00,17.97,17.98,17.98,22.00
CI,ISS0Z,16.00,13.00,16.00,21.00,25.00,24.00,21.39,19.42,18.97,22.00
CICS,BWV01,20.00,20.00,22.00,27.00,36.00,30.00,25.00,25.00,25.00,30.00
CICS,ISS00,7.00,8.00,8.00,8.00,9.00,10.00,7.00,7.00,7.00,10.00
CIHR,BUI01,79.00,78.00,79.00,83.00,73.00,72.00,98.00,90.00,92.00,70.00
CIHR,BUI02,39.00,50.00,53.00,50.00,44.00,44.00,50.00,41.00,43.00,48.00
CIHR,BUI03,145.00,154.00,182.00,194.00,181.00,185.00,141.00,132.00,129.00,169.00
CIHR,ISS01,78.00,90.00,100.00,96.00,88.00,94.00,84.00,87.00,77.00,87.00
CIHR,ISS02,38.00,43.00,49.00,54.00,44.00,50.00,41.00,39.00,39.00,47.00
CIHR,ISS03,1.00,,,,1.00,1.00,1.00,1.00,1.00,1.00
CIHR,ISS04,25.00,29.00,33.00,34.00,29.00,32.00,30.00,30.00,30.00,28.00
CIHR,ISS05,26.00,26.00,29.00,31.00,31.00,34.00,30.00,30.00,30.00,30.00
CIHR,ISS06,12.00,15.00,17.00,16.00,16.00,17.00,13.00,13.00,13.00,13.00
CIHR,ISS07,43.00,41.00,35.00,41.00,39.00,44.00,35.00,34.00,41.00,36.00
CIHR,ISS08,6.00,6.00,6.00,8.00,7.00,7.00,6.00,6.00,6.00,6.00
CIHR,ISS09,2.00,2.00,2.00,2.00,2.00,1.00,2.00,2.00,2.00,2.00
CIHR,ISS0Z,3.00,4.00,5.00,7.00,7.00,8.00,3.00,3.00,3.00,7.00
CNEDA,BNL01,29.00,26.00,26.00,27.00,28.00,25.00,18.00,16.00,16.00,25.00
CNEDA,BNL02,22.00,21.00,21.00,23.00,22.00,62.00,37.00,25.00,19.00,62.00
CNEDA,BNL03,17.00,18.00,19.00,19.00,21.00,3.00,24.00,24.00,24.00,3.00
CNEDA,BNL04,12.00,14.00,14.00,14.00,15.00,3.00,17.00,17.00,17.00,3.00
CNEDA,BNL05,,,,,,,0.00,0.00,0.00,
CNEDA,ISS00,29.00,30.00,32.00,33.00,30.00,31.00,32.00,28.00,27.00,31.00
CPCC,BWX01,23.00,18.00,31.00,41.00,42.00,41.00,26.00,26.00,26.00,25.00
CPCC,BWX02,14.00,13.00,9.00,6.70,8.00,10.00,9.00,9.00,9.00,8.00
CPCC,BWX03,,,,,,,18.00,18.00,18.00,18.00
CPCC,ISS00,42.00,41.00,50.00,55.50,44.00,56.00,45.00,45.00,45.00,56.00
CRTC,BRT01,122.00,122.00,136.00,152.00,180.00,173.00,194.00,194.00,193.00,213.00
CRTC,BRT02,167.00,181.00,168.00,197.00,217.00,204.00,292.00,291.00,290.00,221.00
CRTC,BRT03,89.00,89.00,85.00,95.00,91.00,98.00,,,,95.00
CRTC,ISS00,142.00,146.00,142.00,170.00,203.00,175.00,169.00,169.00,169.00,188.00
CSA,BLM01,180.50,208.62,213.10,244.40,274.60,242.10,365.90,366.70,353.80,371.45
CSA,BLM02,101.10,113.69,123.70,137.00,135.00,140.10,159.30,161.80,159.30,153.08
CSA,BLM03,109.60,111.77,122.70,126.30,106.60,110.70,141.00,133.90,130.60,141.26
CSA,ISS01,94.50,90.67,104.30,104.90,115.80,82.30,86.20,86.20,82.30,90.86
CSA,ISS02,32.70,30.44,34.51,43.30,44.40,46.10,29.70,29.20,27.00,19.85
CSA,ISS03,1.00,1.00,0.20,0.90,0.70,1.10,1.00,1.00,1.00,0.70
CSA,ISS04,44.10,49.21,64.43,78.00,85.20,86.50,81.60,79.80,71.60,92.70
CSA,ISS05,43.00,50.11,49.33,61.70,66.40,57.90,48.70,48.10,48.10,51.90
CSA,ISS06,23.60,22.36,24.25,30.10,28.70,19.20,22.90,22.60,22.60,21.70
CSA,ISS07,38.80,44.52,47.33,62.70,79.30,52.70,69.80,70.30,66.30,74.10
CSA,ISS08,25.70,29.20,33.91,31.30,29.80,29.30,9.00,9.00,9.00,8.71
CSA,ISS09,5.20,4.51,4.49,4.30,3.70,3.20,3.70,3.70,3.70,3.60
CSA,ISS0Z,8.90,10.12,11.10,12.10,16.50,8.50,13.70,13.80,13.80,14.40
CSC,BUJ01,961.00,1034.00,1104.00,1125.00,1064.00,981.00,978.00,943.00,943.00,1041.00
CSC,BUJ02,6429.00,6391.00,6234.00,6308.00,6423.00,6406.00,6508.00,6505.00,6505.00,6504.00
CSC,BUJ03,91.00,86.00,83.00,88.00,93.00,90.00,90.00,90.00,90.00,95.00
CSC,BUJ04,886.00,950.00,968.00,1002.00,1052.00,1082.00,1082.00,1079.00,1079.00,1059.00
CSC,BUJ05,706.00,702.00,725.00,781.00,819.00,754.00,802.00,800.00,800.00,836.00
CSC,BUJ06,475.00,505.00,483.00,475.00,474.00,474.00,464.00,464.00,464.00,468.00
CSC,BUJ07,1028.00,1047.00,1036.00,1028.00,1078.00,1003.00,1101.00,1090.00,1074.00,1165.00
CSC,BUJ08,,,200.00,202.00,204.00,199.00,196.00,193.00,193.00,204.00
CSC,BUK01,2360.00,2385.00,2386.00,2483.00,2542.00,2490.00,2403.00,2325.00,2309.00,2536.00
CSC,BUK02,76.00,78.00,78.00,85.00,79.00,78.00,90.00,69.00,68.00,79.00
CSC,BUK03,20.00,20.00,20.00,19.00,19.00,22.00,17.00,17.00,17.00,19.00
CSC,BUK04,1.00,1.00,1.00,1.00,1.00,1.00,1.00,1.00,1.00,1.00
CSC,BUK08,175.00,180.00,178.00,177.00,180.00,174.00,163.00,149.00,149.00,179.00
CSC,BUK09,596.00,571.00,562.00,590.00,614.00,617.00,620.00,619.00,619.00,627.00
CSC,BUK10,239.00,234.00,244.00,253.00,250.00,247.00,240.00,238.00,238.00,252.00
CSC,BUK11,822.00,841.00,876.00,867.00,896.00,864.00,825.00,790.00,790.00,897.00
CSC,BUL01,120.00,126.00,128.00,138.00,135.00,130.00,131.00,131.00,131.00,127.00
CSC,BUL02,,,,,,,0.00,0.00,0.00,0.00
CSC,BUL03,6.00,5.00,5.00,6.00,6.00,6.00,6.00,6.00,6.00,6.00
CSC,BUL04,104.00,103.00,104.00,105.00,103.00,103.00,99.00,99.00,99.00,105.00
CSC,ISS01,755.00,749.00,785.00,815.00,805.00,823.00,715.00,693.00,676.00,791.00
CSC,ISS02,58.00,61.00,63.00,71.00,82.00,75.00,81.00,80.00,75.00,76.00
CSC,ISS03,6.00,6.00,8.00,8.00,9.00,12.00,10.00,9.00,8.00,16.00
CSC,ISS04,752.00,799.00,915.00,926.00,923.00,903.00,779.00,756.00,726.00,838.00
CSC,ISS05,405.00,413.00,415.00,421.00,429.00,420.00,399.00,387.00,374.00,419.00
CSC,ISS06,49.00,54.00,57.00,58.00,52.00,57.00,47.00,44.00,44.00,54.00
CSC,ISS07,527.00,546.00,573.00,600.00,619.00,616.00,594.00,592.00,562.00,611.00
CSC,ISS08,6.00,6.00,9.00,9.00,10.00,8.00,10.00,10.00,10.00,8.00
CSC,ISS09,113.00,117.00,107.00,97.00,85.00,98.00,70.00,62.00,62.00,87.00
CSC,ISS0Z,80.00,82.00,88.00,99.00,108.00,93.00,99.00,93.00,86.00,101.00
CTA,BTT01,52.00,51.00,52.00,,,,,,,
CTA,BTT02,137.00,123.00,112.00,184.00,213.00,221.00,123.00,123.00,123.00,218.00
CTA,BTT03,64.00,71.00,68.00,103.00,104.00,117.00,75.00,75.00,75.00,107.00
CTA,ISS00,66.00,68.00,70.00,93.00,91.00,105.00,60.00,60.00,60.00,91.00
CTAIB,BWA01,92.00,94.00,85.00,81.00,90.00,98.00,99.00,99.00,99.00,96.00
CTAIB,BWA02,39.00,39.00,44.00,48.00,44.00,48.00,46.00,46.00,46.00,48.00
CTAIB,BWA03,39.00,42.00,42.00,40.00,42.00,46.00,44.00,44.00,44.00,44.00
CTAIB,BWA04,4.00,4.00,5.00,4.00,3.00,5.00,4.00,4.00,4.00,5.00
CTAIB,ISS00,50.00,47.00,51.00,54.00,54.00,52.00,52.00,52.00,47.00,52.00
EA,BVB01,168.00,156.00,188.00,184.00,315.00,242.00,,,,
EA,BVB03,152.00,235.00,145.00,137.00,105.00,134.00,,,,
EA,BVB04,68.00,66.00,68.00,77.00,76.00,80.00,,,,
EA,BVB05,58.00,63.00,74.00,69.00,66.00,76.00,,,,
EA,BVB06,602.00,598.00,592.00,659.00,642.00,692.00,,,,
EA,BVB07,497.00,498.00,501.00,484.00,472.00,494.00,,,,
EA,BVB08,365.00,365.00,346.00,353.00,380.00,454.00,,,,
EA,BVB09,94.00,97.00,93.00,94.00,102.00,99.00,,,,
EA,BVB10,28.00,41.00,41.00,32.00,66.00,36.00,,,,
EA,BVB19,204.00,160.00,299.00,277.00,302.00,278.00,,,,
EA,BVB20,106.00,90.00,100.00,99.00,90.00,111.00,,,,
EA,BVC01,261.00,243.00,279.00,290.00,297.00,296.00,,,,
EA,BVC02,133.00,132.00,77.00,76.00,66.00,73.00,,,,
EA,BVC03,426.00,412.00,430.00,460.00,470.00,492.00,,,,
EA,BVC04,101.00,88.00,109.00,116.00,105.00,106.00,,,,
EA,BVC05,299.00,314.00,295.00,296.00,284.00,296.00,,,,
EA,BVC06,343.00,352.00,352.00,359.00,341.00,363.00,,,,
EA,BVC07,407.00,404.00,420.00,439.00,424.00,454.00,,,,
EA,BVC08,107.00,112.00,107.00,113.00,140.00,113.00,,,,
EA,BVD01,33.00,32.00,32.00,36.00,57.00,40.00,,,,
EA,BVD02,15.00,12.00,11.00,12.00,12.00,14.00,,,,
EA,BVD03,142.00,133.00,134.00,198.00,195.00,117.00,,,,
EA,BVD04,85.00,89.00,114.00,116.00,104.00,139.00,,,,
EA,BVD05,92.00,105.00,94.00,98.00,96.00,99.00,,,,
EA,BVD06,58.00,62.00,25.00,24.00,28.00,23.00,,,,
EA,BVD07,25.00,25.00,25.00,26.00,24.00,24.00,,,,
EA,BVD08,5.00,7.00,7.00,7.00,4.00,7.00,,,,
EA,BVD09,93.00,63.00,78.00,91.00,65.00,95.00,,,,
EA,BVD10,113.00,120.00,120.00,129.00,121.00,136.00,,,,
EA,BVD11,127.00,133.00,152.00,148.00,121.00,148.00,,,,
EA,BVD12,240.00,246.00,254.00,253.00,272.00,262.00,,,,
EA,BVD13,100.00,94.00,84.00,95.00,88.00,100.00,,,,
EA,BVD14,6.00,6.00,7.00,10.00,5.00,8.00,,,,
EA,BVE01,360.00,369.00,361.00,499.00,508.00,441.00,,,,
EA,BVE02,45.00,34.00,26.00,48.00,79.00,70.00,,,,
EA,BVF01,120.00,125.00,114.00,106.00,149.00,115.00,,,,
EA,BVF02,47.00,42.00,44.00,41.00,44.00,51.00,,,,
EA,BVF03,3385.00,3630.00,3539.00,3902.00,3821.00,3850.00,,,,
EA,BVF04,42.00,41.00,43.00,42.00,48.00,57.00,,,,
EA,BVF05,103.00,100.00,100.00,91.00,87.00,82.00,,,,
EA,BVF06,155.00,152.00,151.00,179.00,164.00,180.00,,,,
EA,BVF07,217.00,122.00,256.00,99.00,111.00,103.00,,,,
EA,BVF08,276.00,318.00,372.00,311.00,257.00,211.00,,,,
EA,BZA01,,,,,,,369.00,369.00,357.00,
EA,BZA02,,,,,,,1684.00,1638.00,1601.00,
EA,BZA03,,,,,,,1156.00,1121.00,1089.00,
EA,BZA04,,,,,,,2101.00,2011.00,1975.00,
EA,BZA05,,,,,,,392.00,378.00,372.00,
EA,BZB01,,,,,,,547.00,528.00,478.00,
EA,BZB02,,,,,,,4280.00,4120.00,3938.00,
EA,BZB03,,,,,,,101.00,97.00,93.00,
EA,ISS01,393.00,359.00,385.00,404.00,440.00,425.00,513.00,500.00,480.00,453.00
EA,ISS02,206.00,208.00,250.00,241.00,229.00,231.00,240.00,214.00,207.00,219.00
EA,ISS03,22.00,22.00,20.00,24.00,21.00,26.00,20.00,20.00,20.00,55.00
EA,ISS04,489.00,483.00,486.00,517.00,500.00,493.00,536.00,533.00,520.00,529.00
EA,ISS05,395.00,389.00,419.00,388.00,430.00,448.00,362.00,346.00,312.00,443.00
EA,ISS06,66.00,46.00,46.00,54.00,82.00,73.00,131.00,126.00,123.00,45.00
EA,ISS07,127.00,135.00,137.00,155.00,95.00,94.00,58.00,55.00,54.00,98.00
EA,ISS08,112.00,113.00,98.00,113.00,90.00,90.00,106.00,92.00,90.00,55.00
EA,ISS09,,,,,,,0.00,0.00,0.00,0.00
EA,ISS0Z,63.00,68.00,60.00,78.00,95.00,96.00,51.00,51.00,51.00,59.00
EC,BGR01,430.00,492.00,642.00,793.00,838.00,794.00,,,,757.00
EC,BGR02,49.00,114.00,119.00,125.00,124.00,117.00,,,,124.00
EC,BGR03,132.00,138.00,122.00,138.00,199.00,209.00,,,,184.00
EC,BGR04,,,,,,,714.00,702.00,621.00,
EC,BGR05,,,,,,,129.00,108.00,106.00,
EC,BGR06,,,,,,,211.00,211.00,109.00,
EC,BGS01,486.00,500.00,451.00,426.00,416.00,416.00,,,,385.00
EC,BGS02,588.00,589.00,641.00,679.00,,,,,,
EC,BGS03,55.00,64.00,59.00,57.00,61.00,45.00,,,,48.00
EC,BGS04,738.00,718.00,732.00,808.00,1480.00,1148.00,,,,1432.00
EC,BGS05,365.00,358.00,372.00,364.00,377.00,326.00,,,,373.00
EC,BGS06,,,,,80.00,226.00,,,,
EC,BGS07,,,,,,,1821.00,1710.00,1685.00,
EC,BGS08,,,,,,,254.00,245.00,241.00,
EC,BGT01,373.00,391.00,434.00,453.00,461.00,414.00,,,,442.00
EC,BGT02,285.00,281.00,301.00,350.00,327.00,315.00,,,,309.00
EC,BGT03,231.00,265.00,352.00,383.00,388.00,343.00,,,,360.00
EC,BGT04,38.00,60.00,81.00,71.00,62.00,77.00,,,,58.00
EC,BGT05,125.00,148.00,154.00,155.00,162.00,142.00,,,,146.00
EC,BGT06,145.00,157.00,165.00,156.00,161.00,158.00,,,,159.00
EC,BGT07,,,,,,,999.00,992.00,954.00,
EC,BGT08,,,,,,,157.00,157.00,155.00,
EC,BGU01,1340.00,1345.00,1340.00,1347.00,1376.00,1274.00,,,,1320.00
EC,BGU02,360.00,369.00,382.00,386.00,396.00,365.00,,,,368.00
EC,BGU03,,,,,,,1586.00,1560.00,1544.00,
EC,BGU04,,,,,,,392.00,392.00,377.00,
EC,ISS11,444.00,443.00,477.00,496.00,501.00,485.00,409.00,406.00,403.00,485.00
EC,ISS12,149.00,158.00,173.00,174.00,185.00,166.00,167.00,161.00,156.00,181.00
EC,ISS13,17.00,18.00,15.00,13.00,14.00,12.00,11.00,11.00,11.00,13.00
EC,ISS14,274.00,278.00,301.00,309.00,313.00,309.00,236.00,233.00,226.00,312.00
EC,ISS15,211.00,228.00,243.00,251.00,264.00,246.00,170.00,187.00,182.00,257.00
EC,ISS16,77.00,77.00,83.00,84.00,93.00,66.00,30.00,30.00,30.00,86.00
EC,ISS17,249.00,296.00,306.00,328.00,391.00,328.00,414.00,408.00,393.00,356.00
EC,ISS18,115.00,121.00,119.00,135.00,145.00,133.00,103.00,101.00,97.00,143.00
EC,ISS19,36.00,39.00,38.00,42.00,45.00,41.00,30.00,30.00,30.00,43.00
EC,ISS1Z,32.00,40.00,42.00,48.00,50.00,50.00,35.00,34.00,32.00,51.00
ERC,BXJ01,16.50,22.30,23.60,20.60,18.70,24.00,17.00,17.00,15.00,18.00
ERC,ISS50,,,,,7.40,9.00,8.00,8.00,8.00,9.00
FCAC,BUT01,46.00,53.00,61.00,71.00,75.00,86.00,82.00,82.00,82.00,83.00
FCAC,BUT02,,,39.00,44.00,44.00,48.00,63.00,63.00,63.00,61.00
FCAC,BUU01,29.00,35.00,,,,,,,,
FCAC,ISS00,85.00,94.00,102.00,117.00,123.00,125.00,114.00,114.00,114.00,137.00
FEDNO,BYL01,,,,35.00,31.00,38.00,15.00,16.00,15.00,30.00
FEDNO,BYL02,,,,6.00,7.00,8.00,22.00,22.00,22.00,20.00
FEDNO,BYL03,,,51.00,17.00,26.00,32.00,37.00,37.00,37.00,29.00
FEDNO,ISS00,,,38.00,32.00,36.00,41.00,42.00,40.00,41.00,43.00
FEDSO,BNM10,79.00,95.00,91.00,97.00,87.00,74.00,103.00,103.00,97.00,85.00
FEDSO,BNM11,46.00,56.00,61.00,58.00,44.00,54.00,56.00,55.00,52.00,47.00
FEDSO,BNM12,86.00,102.00,86.00,62.00,53.00,56.00,9.00,9.00,9.00,35.00
FEDSO,ISS00,84.00,95.00,122.00,112.00,102.00,104.00,80.00,79.00,74.00,92.00
FIN,BUV01,157.00,159.00,163.00,174.00,182.00,193.00,209.00,179.00,178.00,218.00
FIN,BUV02,78.00,82.00,83.00,86.00,89.00,92.00,88.00,83.00,83.00,92.00
FIN,BUV03,61.00,65.00,73.00,81.00,81.00,71.00,80.00,70.00,68.00,81.00
FIN,BUV04,69.00,69.00,64.00,64.00,61.00,68.00,60.00,58.00,56.00,68.00
FIN,BUV05,100.00,110.00,120.00,131.00,140.00,126.00,121.00,101.00,99.00,132.00
FIN,BUV06,63.00,62.00,60.00,62.00,68.00,73.00,71.00,70.00,69.00,75.00
FIN,BUV07,3.00,3.00,3.00,3.00,2.00,2.00,,,,2.00
FIN,BUV08,4.00,4.00,3.00,3.00,3.00,3.00,5.00,5.00,5.00,3.00
FIN,BUV09,6.00,6.00,5.00,5.00,6.00,6.00,6.00,6.00,6.00,6.00
FIN,BUV10,1.00,1.00,1.00,1.00,1.00,1.00,1.00,1.00,1.00,1.00
FIN,BUV11,27.00,28.00,27.00,29.00,32.00,36.00,36.00,36.00,36.00,36.00
FIN,ISS01,88.00,85.00,86.00,78.00,79.00,77.00,94.00,99.00,80.00,83.00
FIN,ISS02,77.00,75.00,74.00,80.00,76.00,61.00,58.00,53.00,52.00,67.00
FIN,ISS03,10.00,9.00,10.00,10.00,12.00,10.00,8.00,7.00,7.00,10.00
FIN,ISS04,47.00,47.00,48.00,48.00,47.00,38.00,35.00,33.00,32.00,38.00
FIN,ISS05,15.00,17.00,15.00,13.00,13.00,9.00,8.00,8.00,8.00,9.00
FIN,ISS06,9.00,8.00,8.00,10.00,9.00,10.00,10.00,6.00,6.00,10.00
FIN,ISS07,41.00,49.00,59.00,52.00,49.00,30.00,28.00,28.00,28.00,30.00
FIN,ISS08,13.00,12.00,13.00,16.00,16.00,8.00,8.00,7.00,5.00,8.00
FIN,ISS09,2.00,2.00,2.00,3.00,3.00,2.00,2.00,2.00,2.00,2.00
FIN,ISS0Z,6.00,6.00,7.00,6.00,7.00,6.00,6.00,6.00,5.00,6.00
FJA,BNZ01,,,,,,,0.00,0.00,0.00,0.00
FJA,BNZ02,46.50,49.50,47.50,49.50,47.25,49.50,46.00,46.00,46.00,44.50
FJA,BNZ03,11.00,11.00,9.00,10.00,10.25,11.00,15.00,15.00,15.00,13.00
FJA,ISS00,5.50,5.50,5.50,5.50,5.50,5.50,11.00,11.00,11.00,9.50
FO,BTF01,521.00,629.00,622.00,622.00,637.00,564.00,429.00,425.00,383.00,648.00
FO,BTF02,233.00,325.00,310.00,332.00,303.00,283.00,230.00,231.00,184.00,269.00
FO,BTF03,90.00,105.00,110.00,109.00,95.00,76.00,85.00,85.00,83.00,106.00
FO,BTF04,229.00,242.00,262.00,343.00,392.00,410.00,217.00,217.00,218.00,400.00
FO,BTF05,30.00,42.00,40.00,42.00,45.00,59.00,67.00,67.00,58.00,32.00
FO,BTF06,190.00,213.00,224.00,211.00,224.00,193.00,227.00,163.00,164.00,220.00
FO,BTF07,768.00,780.00,794.00,819.00,840.00,964.00,1043.00,1042.00,1039.00,794.00
FO,BTF08,46.00,50.00,50.00,48.00,49.00,44.00,41.00,41.00,41.00,49.00
FO,BTF09,29.00,35.00,26.00,25.00,27.00,15.00,13.00,13.00,13.00,27.00
FO,BTF10,106.00,105.00,89.00,86.00,74.00,88.00,88.00,88.00,76.00,76.00
FO,BTF11,890.00,1011.00,1025.00,1022.00,993.00,853.00,980.00,988.00,920.00,997.00
FO,BTF12,74.00,105.00,127.00,108.00,152.00,87.00,121.00,120.00,107.00,208.00
FO,BTF13,39.00,51.00,55.00,55.00,51.00,22.00,7.00,7.00,7.00,22.00
FO,BTG01,528.00,579.00,584.00,583.00,575.00,650.00,562.00,551.00,451.00,529.00
FO,BTG02,75.00,80.00,91.00,102.00,116.00,109.00,122.00,104.00,104.00,116.00
FO,BTG03,176.00,188.00,231.00,214.00,206.00,205.00,70.00,70.00,70.00,206.00
FO,BTG04,172.00,229.00,333.00,327.00,326.00,257.00,139.00,139.00,132.00,320.00
FO,BTG05,517.00,568.00,654.00,666.00,674.00,563.00,454.00,423.00,391.00,650.00
FO,BTG06,125.00,119.00,117.00,102.00,100.00,108.00,155.00,155.00,145.00,99.00
FO,BTG07,14.00,,,,,,,,,
FO,BTG08,,,,,,,287.00,255.00,241.00,
FO,BTH01,7.00,9.00,10.00,11.00,11.00,6.00,,,,11.00
FO,BTH02,180.00,215.00,202.00,199.00,197.00,239.00,,,,195.00
FO,BTH03,23.00,38.00,45.00,56.00,49.00,44.00,,,,48.00
FO,BTH04,296.00,327.00,311.00,313.00,312.00,359.00,,,,291.00
FO,BTH05,1044.00,865.00,957.00,919.00,868.00,866.00,,,,839.00
FO,BTH06,276.00,279.00,269.00,286.00,276.00,264.00,,,,269.00
FO,BTI01,231.00,239.00,226.00,241.00,235.00,194.00,,,,232.00
FO,BTI02,229.00,347.00,337.00,341.00,336.00,439.00,,,,326.00
FO,BTI03,47.00,46.00,66.00,69.00,65.00,39.00,,,,45.00
FO,BTI04,3302.00,3011.00,3073.00,3117.00,3068.00,3045.00,,,,3213.00
FO,BTI05,92.00,317.00,356.00,372.00,439.00,356.00,,,,376.00
FO,BTI06,111.00,158.00,145.00,166.00,182.00,182.00,,,,147.00
FO,BTI07,336.00,344.00,391.00,408.00,390.00,356.00,,,,395.00
FO,ISS01,401.00,312.00,507.00,507.00,520.00,491.00,346.00,338.00,299.00,441.00
FO,ISS02,160.00,221.00,212.00,176.00,174.00,146.00,98.00,97.00,82.00,163.00
FO,ISS03,19.00,20.00,18.00,18.00,18.00,24.00,16.00,15.00,14.00,16.00
FO,ISS04,415.00,520.00,535.00,476.00,443.00,408.00,309.00,306.00,264.00,476.00
FO,ISS05,357.00,392.00,384.00,377.00,344.00,295.00,194.00,187.00,165.00,364.00
FO,ISS06,58.00,48.00,46.00,44.00,29.00,45.00,24.00,24.00,21.00,29.00
FO,ISS07,328.00,458.00,377.00,462.00,536.00,412.00,336.00,328.00,312.00,534.00
FO,ISS08,409.00,346.00,359.00,375.00,375.00,358.00,147.00,147.00,131.00,371.00
FO,ISS09,49.00,49.00,49.00,52.00,84.00,35.00,41.00,41.00,36.00,137.00
FO,ISS0Z,35.00,67.00,62.00,56.00,50.00,45.00,44.00,44.00,41.00,61.00
FORDQ,BLL02,56.00,66.00,54.00,68.00,58.00,59.00,59.00,58.00,57.00,54.00
FORDQ,BLL03,17.00,18.00,54.00,14.00,6.00,7.00,28.00,24.00,1.00,9.00
FORDQ,BLL04,116.00,129.00,104.00,133.00,147.00,150.00,126.00,122.00,121.00,143.00
FORDQ,ISS00,170.00,180.00,168.00,164.00,167.00,167.00,144.00,136.00,128.00,164.00
FTRAC,BUW01,136.00,170.00,178.00,182.00,240.00,267.00,356.00,390.00,381.00,272.00
FTRAC,BUW02,2.00,3.00,2.00,3.00,0.00,6.00,,,,6.00
FTRAC,BUX01,103.00,120.00,125.00,123.00,193.00,213.00,156.00,146.00,137.00,160.00
FTRAC,BUX02,8.00,11.00,12.00,11.00,0.00,24.00,,,,18.00
FTRAC,ISS00,141.00,179.00,209.00,218.00,58.00,70.00,69.00,59.00,56.00,79.00
GSC,BVV01,518.00,577.00,,,,,,,,
GSC,BVV02,1392.00,1529.00,,,,,,,,
GSC,BVV03,,,2294.00,2352.00,2263.00,2425.00,2205.00,2217.00,2177.00,2371.00
GSC,BVW01,3066.33,2960.70,3245.03,3849.00,4398.00,4575.00,3940.00,741.00,741.00,4646.00
GSC,BVW02,1269.73,1282.00,1275.04,1248.00,1247.00,1316.00,1350.00,1363.00,1235.00,1268.00
GSC,BVW03,49.34,48.04,43.68,50.00,49.00,51.00,44.00,44.00,44.00,50.00
GSC,BVW04,210.30,199.29,187.65,191.00,181.00,206.00,177.00,176.00,176.00,214.00
GSC,BVW05,80.40,88.00,85.00,91.00,109.00,111.00,93.00,92.00,91.00,131.00
GSC,BVW06,7.43,6.62,5.71,6.00,5.00,7.00,6.00,6.00,6.00,6.00
GSC,BVX01,807.90,856.94,892.13,843.00,881.00,912.00,700.00,521.00,486.00,881.00
GSC,BVX02,3294.48,3441.21,3541.93,3641.00,3755.00,3688.00,3519.00,2998.00,2907.00,3689.00
GSC,BVX03,107.80,91.30,82.30,72.00,84.00,75.00,70.00,69.00,69.00,86.00
GSC,BVX04,15.83,15.68,15.97,15.00,16.00,16.00,16.00,14.00,14.00,16.00
GSC,BVY01,1281.64,1261.92,1242.38,1291.00,1230.00,1276.00,1103.00,1054.00,1002.00,1213.00
GSC,BVY02,90.00,95.00,97.35,96.00,97.00,104.00,79.00,80.00,78.00,99.00
GSC,BVY03,310.46,289.50,345.49,341.00,377.00,386.00,360.00,330.00,324.00,352.00
GSC,BVY04,291.32,249.14,201.60,190.00,199.00,237.00,194.00,193.00,194.00,202.00
GSC,BVY05,125.59,135.11,129.16,140.00,145.00,142.00,143.00,143.00,143.00,144.00
GSC,BVY06,15.51,21.00,18.74,20.00,22.00,24.00,19.00,19.00,19.00,22.00
GSC,BVY07,29.56,21.93,20.56,20.00,20.00,21.00,0.00,0.00,0.00,20.00
GSC,BVY08,435.10,440.14,483.83,447.00,470.00,516.00,489.00,492.00,487.00,515.00
GSC,BVZ01,29.34,28.27,31.03,28.00,33.00,28.00,34.00,32.00,32.00,34.00
GSC,ISS01,432.70,400.34,363.40,449.00,523.00,528.00,496.00,478.00,460.00,606.00
GSC,ISS02,156.10,167.55,167.79,151.00,188.00,188.00,154.00,153.00,151.00,205.00
GSC,ISS03,23.84,25.20,24.40,29.00,32.00,30.00,28.00,24.00,24.00,36.00
GSC,ISS04,794.93,794.21,833.00,824.00,824.00,831.00,698.00,672.00,614.00,818.00
GSC,ISS05,589.00,614.00,591.00,590.00,613.00,616.00,533.00,510.00,496.00,620.00
GSC,ISS06,113.11,111.68,104.12,165.00,157.00,202.00,147.00,146.00,145.00,138.00
GSC,ISS07,918.72,861.00,800.38,769.00,785.00,855.00,648.00,618.00,611.00,817.00
GSC,ISS08,101.00,100.09,105.29,139.00,151.00,136.00,140.00,141.00,139.00,158.00
GSC,ISS09,39.00,21.34,20.21,22.00,22.00,24.00,25.00,24.00,24.00,23.00
GSC,ISS0Z,27.00,42.70,39.37,38.00,40.00,39.00,39.00,40.00,40.00,37.00
H,BVG01,115.30,292.00,270.00,,,,,,,
H,BVG02,26.10,38.00,54.00,,,,,,,
H,BVG03,10.70,16.00,14.00,,,,,,,
H,BVG04,13.80,23.00,35.00,,,,,,,
H,BVG05,23.00,,,,,,,,,
H,BVG06,3.80,1.00,0.00,,,,,,,
H,BVG07,8.90,9.00,8.00,,,,,,,
H,BVG08,13.90,14.00,14.00,,,,,,,
H,BVG09,6.00,9.00,12.00,,,,,,,
H,BVG10,1.70,1.00,1.00,,,,,,,
H,BVG11,1.50,0.00,0.00,,,,,,,
H,BVG12,10.50,14.00,14.00,,,,,,,
H,BVG13,8.70,9.00,10.00,,,,,,,
H,BVG14,1.00,1.00,1.00,,,,,,,
H,BVG15,1.60,1.00,1.00,,,,,,,
H,BVG16,0.50,,,,,,,,,
H,BVG21,,,,107.00,78.00,101.00,104.00,85.00,72.00,105.00
H,BVG22,,,,339.00,395.00,422.00,168.00,170.00,163.00,471.00
H,BVG23,,,,7.00,6.00,37.00,31.00,26.00,17.00,37.00
H,BVG24,,,,,,,280.00,280.00,269.00,
H,BVH01,1223.30,1343.00,1330.00,1307.00,1282.00,1401.00,1413.00,1424.00,1358.00,1405.00
H,BVH02,566.20,628.00,591.00,580.00,594.00,432.00,424.00,428.00,363.00,429.00
H,BVH03,389.20,459.00,436.00,399.00,382.00,271.00,274.00,278.00,244.00,271.00
H,BVH04,250.20,303.00,287.00,269.00,274.00,139.00,134.00,134.00,78.00,135.00
H,BVH05,544.00,561.00,541.00,513.00,488.00,471.00,458.00,455.00,399.00,477.00
H,BVH06,101.90,107.00,105.00,110.00,114.00,100.00,94.00,94.00,14.00,98.00
H,BVH07,30.00,30.00,35.00,29.00,40.00,40.00,39.00,39.00,9.00,39.00
H,BVH08,29.50,26.00,24.00,23.00,23.00,26.00,26.00,26.00,23.00,33.00
H,BVH09,469.30,483.00,484.00,504.00,518.00,475.00,461.00,454.00,410.00,640.00
H,BVH10,272.60,256.00,280.00,284.00,281.00,253.00,251.00,251.00,236.00,274.00
H,BVH11,39.00,38.00,40.00,38.00,34.00,34.00,33.00,33.00,33.00,33.00
H,BVH12,169.70,191.00,201.00,214.00,214.00,203.00,200.00,200.00,176.00,203.00
H,BVH13,371.60,436.00,474.00,498.00,507.00,469.00,504.00,501.00,356.00,505.00
H,BVH14,654.40,692.00,697.00,689.00,721.00,790.00,625.00,602.00,13.00,736.00
H,BVH15,184.90,195.00,197.00,203.00,201.00,210.00,208.00,208.00,205.00,210.00
H,BVH16,470.30,477.00,583.00,636.00,613.00,439.00,433.00,433.00,423.00,518.00
H,BVH17,269.90,302.00,323.00,342.00,330.00,356.00,416.00,380.00,378.00,411.00
H,ISS01,392.60,372.00,391.00,421.00,391.00,343.00,330.00,329.00,274.00,370.00
H,ISS02,344.00,416.00,417.00,414.00,343.00,257.00,264.00,263.00,241.00,269.00
H,ISS03,31.30,34.00,35.00,34.00,35.00,0.00,8.00,8.00,8.00,8.00
H,ISS04,489.00,588.00,596.00,587.00,527.00,383.00,378.00,375.00,322.00,386.00
H,ISS05,272.00,284.00,292.00,305.00,308.00,311.00,272.00,270.00,248.00,313.00
H,ISS06,103.50,104.00,112.00,119.00,113.00,73.00,71.00,71.00,13.00,73.00
H,ISS07,470.40,515.00,549.00,591.00,644.00,524.00,520.00,518.00,509.00,526.00
H,ISS08,197.40,217.00,224.00,237.00,230.00,76.00,146.00,145.00,125.00,82.00
H,ISS09,5.00,5.00,3.00,2.00,1.00,9.00,9.00,9.00,9.00,9.00
H,ISS0Z,38.80,38.00,43.00,47.00,56.00,62.00,40.00,40.00,35.00,63.00
HRSD,BGM01,182.00,151.00,,,,,,,,
HRSD,BGM02,109.00,154.00,155.00,170.00,183.00,152.00,125.00,126.00,123.00,177.00
HRSD,BGM03,78.00,93.00,126.00,99.00,108.00,78.00,59.00,59.00,59.00,61.00
HRSD,BGM04,18.00,31.00,63.00,25.00,33.00,24.00,18.00,18.00,13.00,24.00
HRSD,BGM05,4.00,4.00,78.00,73.00,115.00,96.00,55.00,55.00,46.00,66.00
HRSD,BGM06,1.00,2.00,3.00,2.00,1.00,11.00,,,,
HRSD,BGM07,32.00,50.00,57.00,57.00,67.00,55.00,43.00,40.00,36.00,51.00
HRSD,BGM08,17.00,16.00,11.00,13.00,31.00,18.00,18.00,18.00,18.00,18.00
HRSD,BGM09,46.00,49.00,62.00,62.00,66.00,68.00,65.00,60.00,52.00,67.00
HRSD,BGM10,51.00,72.00,83.00,61.00,43.00,27.00,17.00,17.00,17.00,27.00
HRSD,BGM11,,,,,,,0.00,0.00,0.00,0.00
HRSD,BGM12,,,,,,,0.00,0.00,0.00,0.00
HRSD,BGM13,,,,,11.00,,17.00,17.00,17.00,16.00
HRSD,BGN01,2968.00,3205.00,3679.00,3852.00,4483.00,3829.00,3124.00,3176.00,1573.00,3627.00
HRSD,BGN02,26.00,41.00,47.00,56.00,26.00,22.00,21.00,21.00,21.00,22.00
HRSD,BGN03,3165.00,3583.00,3550.00,3700.00,3919.00,3671.00,3120.00,3081.00,3082.00,3685.00
HRSD,BGN04,,,,,,,3.00,3.00,0.00,4.00
HRSD,BGN05,,,,,18.00,,158.00,178.00,185.00,179.00
HRSD,BGO01,11246.00,12524.00,13466.00,12883.00,12967.00,11487.00,11624.00,11318.00,8078.00,12280.00
HRSD,BGO02,21.00,17.00,20.00,21.00,24.00,24.00,21.00,21.00,21.00,24.00
HRSD,BGO03,42.00,42.00,46.00,56.00,33.00,35.00,35.00,35.00,35.00,35.00
HRSD,BGO04,39.00,43.00,55.00,58.00,89.00,94.00,90.00,43.00,43.00,92.00
HRSD,BGO05,231.00,263.00,283.00,278.00,265.00,259.00,270.00,272.00,272.00,259.00
HRSD,BGO06,473.00,617.00,633.00,600.00,561.00,635.00,580.00,575.00,312.00,619.00
HRSD,BGO07,48.00,76.00,64.00,68.00,66.00,76.00,49.00,37.00,37.00,53.00
HRSD,BGO08,46.00,43.00,48.00,58.00,44.00,74.00,70.00,0.00,0.00,74.00
HRSD,BGO09,47.00,83.00,93.00,90.00,77.00,52.00,47.00,47.00,47.00,51.00
HRSD,BGO10,270.00,212.00,245.00,215.00,230.00,222.00,202.00,202.00,200.00,220.00
HRSD,BGO11,19.00,20.00,19.00,21.00,20.00,22.00,32.00,29.00,29.00,25.00
HRSD,BGO12,9.00,8.00,18.00,,,,,,,
HRSD,BGO13,42.00,77.00,87.00,93.00,49.00,58.00,81.00,77.00,67.00,70.00
HRSD,BGO14,799.00,980.00,1233.00,1161.00,1144.00,1139.00,651.00,602.00,601.00,1073.00
HRSD,BGO15,33.00,49.00,57.00,58.00,61.00,68.00,66.00,66.00,66.00,83.00
HRSD,BGO16,8.00,10.00,15.00,45.00,41.00,41.00,40.00,46.00,41.00,43.00
HRSD,BGO17,244.00,242.00,258.00,242.00,236.00,232.00,217.00,211.00,203.00,230.00
HRSD,BGO18,94.00,99.00,102.00,92.00,88.00,103.00,114.00,109.00,103.00,112.00
HRSD,BGO19,75.00,78.00,86.00,81.00,78.00,88.00,88.00,88.00,88.00,88.00
HRSD,BGO20,56.00,86.00,78.00,,,,,,,
HRSD,BGO21,32.00,24.00,26.00,18.00,21.00,14.00,13.00,13.00,13.00,14.00
HRSD,BGO22,3.00,3.00,3.00,,,,,,,
HRSD,BGO23,7.00,26.00,32.00,25.00,21.00,4.00,6.00,0.00,0.00,6.00
HRSD,BGO24,11.00,293.00,228.00,241.00,206.00,180.00,,,,
HRSD,BGO26,,,4.00,,,,,,,
HRSD,BGO27,,15.00,17.00,13.00,14.00,11.00,0.00,0.00,0.00,11.00
HRSD,BGO29,,,,112.00,122.00,136.00,122.00,112.00,95.00,148.00
HRSD,BGO30,,,,,,,34.00,32.00,0.00,0.00
HRSD,BGO31,,,,,,,0.00,0.00,0.00,0.00
HRSD,BGP01,129.00,133.00,134.00,115.00,117.00,128.00,119.00,119.00,118.00,127.00
HRSD,BGP02,60.00,76.00,85.00,67.00,70.00,62.00,59.00,59.00,59.00,62.00
HRSD,BGP03,225.00,273.00,266.00,229.00,227.00,234.00,208.00,198.00,199.00,232.00
HRSD,BGP04,18.00,29.00,33.00,24.00,24.00,20.00,19.00,19.00,19.00,20.00
HRSD,BGP05,266.00,270.00,277.00,294.00,302.00,337.00,301.00,291.00,254.00,327.00
HRSD,BGP06,31.00,27.00,25.00,27.00,27.00,29.00,28.00,28.00,28.00,29.00
HRSD,BGP07,34.00,45.00,52.00,51.00,55.00,46.00,40.00,40.00,38.00,42.00
HRSD,BGQ01,58.00,58.00,45.00,47.00,42.00,52.00,46.00,45.00,75.00,54.00
HRSD,BGQ02,82.00,91.00,89.00,96.00,87.00,99.00,97.00,88.00,88.00,95.00
HRSD,BGQ03,220.00,232.00,211.00,234.00,226.00,254.00,244.00,234.00,207.00,250.00
HRSD,BGQ04,1223.00,1725.00,3700.00,3384.00,3588.00,2871.00,1897.00,1776.00,1708.00,2205.00
HRSD,BGQ05,125.00,130.00,337.00,879.00,1353.00,1537.00,1084.00,936.00,95.00,1278.00
HRSD,BGQ06,,,,,166.00,119.00,173.00,124.00,124.00,163.00
HRSD,ISS01,1236.00,1527.00,1620.00,1653.00,1664.00,1473.00,1497.00,1483.00,1817.00,1529.00
HRSD,ISS02,299.00,319.00,351.00,366.00,370.00,259.00,312.00,305.00,289.00,266.00
HRSD,ISS03,62.00,60.00,58.00,61.00,57.00,69.00,68.00,68.00,68.00,69.00
HRSD,ISS04,1165.00,1359.00,1567.00,1391.00,1521.00,1120.00,1080.00,964.00,751.00,1186.00
HRSD,ISS05,693.00,734.00,806.00,769.00,792.00,947.00,871.00,836.00,711.00,983.00
HRSD,ISS06,52.00,120.00,138.00,105.00,75.00,54.00,51.00,51.00,51.00,57.00
HRSD,ISS07,1370.00,1417.00,1583.00,1575.00,1419.00,1149.00,1029.00,1006.00,893.00,1242.00
HRSD,ISS08,288.00,351.00,405.00,398.00,382.00,352.00,341.00,332.00,259.00,380.00
HRSD,ISS09,27.00,25.00,26.00,23.00,21.00,21.00,20.00,20.00,20.00,21.00
HRSD,ISS0Z,41.00,31.00,21.00,20.00,73.00,73.00,66.00,67.00,61.00,73.00
INAC,BWM02,355.00,388.00,401.00,391.00,358.00,334.00,248.00,246.00,246.00,332.00
INAC,BWM03,107.00,118.00,112.00,128.00,152.00,148.00,,,,148.00
INAC,BWM04,102.00,107.00,134.00,167.00,152.00,160.00,128.00,123.00,123.00,151.00
INAC,BWM05,29.00,32.00,31.00,52.00,56.00,52.00,44.00,44.00,31.00,56.00
INAC,BWM06,57.00,55.00,49.00,,,,,,,
INAC,BWM07,20.00,20.00,21.00,,,,,,,
INAC,BWM08,1.00,1.00,4.00,,,,,,,
INAC,BWM09,3.00,12.00,2.00,3.00,42.00,23.00,,,,42.00
INAC,BWM10,54.00,50.00,60.00,49.00,51.00,54.00,29.00,29.00,29.00,40.00
INAC,BWM13,52.00,42.00,24.00,25.00,25.00,24.00,,,,
INAC,BWM14,,,25.00,33.00,31.00,31.00,38.00,38.00,3.00,65.00
INAC,BWM15,,,,110.00,120.00,133.00,105.00,78.00,78.00,114.00
INAC,BWM16,,,,1.00,5.00,2.00,5.00,5.00,5.00,1.00
INAC,BWM17,,,,,,,172.00,172.00,172.00,
INAC,BWR04,33.00,34.00,34.00,39.00,43.00,48.00,38.00,29.00,19.00,33.00
INAC,BWR05,20.00,21.00,19.00,20.00,22.00,20.00,,,,22.00
INAC,BWR06,137.00,134.00,104.00,96.00,96.00,105.00,,,,95.00
INAC,BWR07,23.00,24.00,25.00,25.00,29.00,38.00,,,,28.00
INAC,BWR08,111.00,114.00,113.00,115.00,118.00,115.00,117.00,117.00,117.00,117.00
INAC,BWR09,3.00,4.00,2.00,0.00,,,,,,
INAC,BWR10,17.00,19.00,16.00,20.00,18.00,20.00,20.00,20.00,20.00,15.00
INAC,BWR11,49.00,56.00,57.00,50.00,73.00,60.00,,,,73.00
INAC,BWR12,,,,,,,114.00,114.00,102.00,
INAC,BWR13,,,,,,,59.00,58.00,58.00,
INAC,BWR14,,,,,,,25.00,25.00,25.00,
INAC,ISS01,251.00,262.00,288.00,270.00,262.00,262.00,244.00,242.00,240.00,259.00
INAC,ISS02,9.00,11.00,11.00,11.00,9.00,7.00,7.00,7.00,7.00,8.00
INAC,ISS03,81.00,76.00,70.00,73.00,43.00,46.00,41.00,40.00,40.00,42.00
INAC,ISS04,343.00,357.00,388.00,397.00,134.00,118.00,120.00,118.00,117.00,132.00
INAC,ISS05,59.00,59.00,62.00,86.00,71.00,66.00,64.00,63.00,62.00,69.00
INAC,ISS06,5.00,5.00,3.00,4.00,4.00,4.00,2.00,2.00,2.00,4.00
INAC,ISS07,3.00,3.00,4.00,4.00,3.00,4.00,3.00,3.00,3.00,3.00
INAC,ISS08,,,,,,,0.00,0.00,0.00,0.00
INAC,ISS09,14.00,14.00,16.00,16.00,14.00,15.00,11.00,11.00,11.00,13.00
INAC,ISS0Z,,,,,,,0.00,0.00,0.00,0.00
INDSC,BXL01,594.00,620.00,632.00,,,,,,,
INDSC,BXL02,696.00,737.00,731.00,,,,,,,
INDSC,BXL03,67.00,65.00,66.00,,,,,,,
INDSC,BXL04,384.00,396.00,395.00,,,,,,,
INDSC,BXM01,170.00,221.00,360.00,,,,,,,
INDSC,BXM02,155.00,165.00,177.00,,,,,,,
INDSC,BXM03,93.00,96.00,88.00,,,,,,,
INDSC,BXM04,87.00,88.00,89.00,,,,,,,
INDSC,BXM05,94.00,105.00,96.00,,,,,,,
INDSC,BXM06,8.00,9.00,9.00,,,,,,,
INDSC,BXM07,162.00,171.00,176.00,,,,,,,
INDSC,BXM08,235.00,292.00,299.00,,,,,,,
INDSC,BXM09,314.00,344.00,336.00,,,,,,,
INDSC,BXM10,62.00,60.00,64.00,,,,,,,
INDSC,BXM11,25.00,21.00,25.00,,,,,,,
INDSC,BXM12,136.00,186.00,277.00,,,,,,,
INDSC,BXM13,12.00,17.00,18.00,,,,,,,
INDSC,BXM14,23.00,25.00,31.00,,,,,,,
INDSC,BXP01,90.00,92.00,96.00,,,,,,,
INDSC,BXP02,78.00,86.00,48.00,,,,,,,
INDSC,BXP03,71.00,65.00,70.00,,,,,,,
INDSC,BXP04,340.00,364.00,468.00,,,,,,,
INDSC,BXP05,166.00,147.00,161.00,,,,,,,
INDSC,BXP06,74.00,49.00,63.00,,,,,,,
INDSC,BXP07,70.00,54.00,48.00,,,,,,,
INDSC,BXP08,109.00,170.00,205.00,,,,,,,
INDSC,BXP09,38.00,33.00,43.00,,,,,,,
INDSC,BXP10,32.00,37.00,53.00,,,,,,,
INDSC,BXP11,108.00,122.00,123.00,,,,,,,
INDSC,BXP12,414.00,419.00,426.00,,,,,,,
INDSC,BXP13,19.00,20.00,15.00,,,,,,,
INDSC,BXQ01,,9.00,14.00,,,,,,,
INDSC,BYP01,,,,832.00,868.00,853.00,497.00,433.00,420.00,936.00
INDSC,BYP02,,,,128.00,134.00,87.00,73.00,73.00,73.00,100.00
INDSC,BYP03,,,,940.00,1013.00,929.00,918.00,855.00,855.00,892.00
INDSC,BYP04,,,,70.00,77.00,90.00,48.00,48.00,48.00,97.00
INDSC,BYP05,,,,662.00,711.00,550.00,635.00,634.00,634.00,555.00
INDSC,BYP06,,,,485.00,484.00,443.00,467.00,242.00,4.00,463.00
INDSC,BYP07,,,,32.00,34.00,31.00,19.00,19.00,19.00,32.00
INDSC,BYP08,,,,356.00,404.00,324.00,389.00,194.00,147.00,396.00
INDSC,BYP09,,,,70.00,80.00,64.00,81.00,81.00,81.00,81.00
INDSC,BYP10,,,,29.00,27.00,28.00,21.00,21.00,21.00,21.00
INDSC,BYP11,,,,315.00,351.00,320.00,309.00,298.00,298.00,359.00
INDSC,BYP12,,,,25.00,26.00,23.00,22.00,22.00,13.00,22.00
INDSC,BYP13,,,,544.00,552.00,287.00,484.00,367.00,306.00,501.00
INDSC,BYP14,,,,359.00,364.00,353.00,294.00,294.00,251.00,373.00
INDSC,BYP15,,,,70.00,81.00,59.00,70.00,70.00,70.00,82.00
INDSC,BYP16,,,,203.00,233.00,191.00,223.00,204.00,201.00,233.00
INDSC,BYP17,,,,50.00,43.00,40.00,32.00,32.00,32.00,42.00
INDSC,BYP18,,,,1017.00,1046.00,926.00,419.00,396.00,396.00,1066.00
INDSC,BYP19,,,,,,,476.00,476.00,457.00,
INDSC,BYP20,,,,,,,218.00,218.00,200.00,
INDSC,ISS01,341.00,381.00,320.00,345.00,383.00,280.00,306.00,209.00,156.00,393.00
INDSC,ISS02,216.00,244.00,250.00,263.00,250.00,237.00,229.00,213.00,202.00,234.00
INDSC,ISS03,0.00,,,,,,0.00,0.00,0.00,0.00
INDSC,ISS04,,,,23.00,271.00,290.00,242.00,229.00,228.00,300.00
INDSC,ISS05,357.00,366.00,377.00,384.00,464.00,327.00,416.00,416.00,403.00,433.00
INDSC,ISS06,127.00,128.00,139.00,163.00,170.00,164.00,139.00,138.00,138.00,172.00
INDSC,ISS07,277.00,312.00,355.00,400.00,377.00,400.00,371.00,371.00,371.00,379.00
INDSC,ISS08,33.00,40.00,42.00,50.00,55.00,51.00,57.00,57.00,57.00,55.00
INDSC,ISS09,48.00,40.00,42.00,58.00,65.00,58.00,58.00,58.00,58.00,66.00
INDSC,ISS0Z,46.00,49.00,51.00,54.00,56.00,54.00,54.00,54.00,54.00,57.00
INVIC,BCZ01,16.00,16.00,15.00,15.00,15.00,15.00,15.00,15.00,13.00,15.00
INVIC,BCZ02,13.00,13.00,15.00,15.00,15.00,15.00,14.00,13.00,11.00,15.00
INVIC,BCZ03,28.00,28.00,27.00,27.00,27.00,27.00,27.00,27.00,25.00,27.00
INVIC,ISS00,10.00,10.00,10.00,10.00,10.00,10.00,10.00,10.00,9.00,10.00
IPC,BRF01,73.00,91.00,91.00,87.00,88.00,99.00,95.00,95.00,95.00,
IPC,BRG01,79.00,81.00,74.00,72.00,80.00,77.00,91.00,84.00,81.00,
IPC,BRG02,79.00,82.00,76.00,75.00,91.00,90.00,81.00,79.00,78.00,
IPC,ISS10,54.00,52.00,57.00,56.00,58.00,54.00,59.00,57.00,56.00,
IPC,ISS20,36.00,38.00,34.00,33.00,31.00,30.00,29.00,29.00,29.00,
IRB,BGC01,881.00,1094.00,1189.00,1368.00,1468.00,1298.00,1400.00,1439.00,1287.00,1315.00
IRB,BGC02,243.00,257.00,288.00,283.00,297.00,423.00,293.00,277.00,259.00,358.00
IRB,BGC03,89.00,104.00,129.00,134.00,141.00,148.00,147.00,145.00,140.00,143.00
IRB,BGC04,113.00,102.00,112.00,133.00,145.00,170.00,143.00,141.00,141.00,160.00
IRB,ISS00,452.00,471.00,451.00,477.00,522.00,454.00,492.00,483.00,459.00,474.00
ISC,BNN01,25.00,,,,,,,,,
ISC,BNN02,25.00,44.00,48.00,55.00,52.00,51.00,36.00,38.00,38.00,49.00
ISC,BNN03,76.00,123.00,146.00,147.00,122.00,127.00,83.00,87.00,87.00,105.00
ISC,BNN04,75.00,29.00,,,,,,,,
ISC,BNN05,16.00,,,,,,,,,
ISC,BNO01,47.00,96.00,106.00,111.00,120.00,114.00,137.00,128.00,104.00,117.00
ISC,BNO02,40.00,,,,,,,,,
ISC,BNO03,27.00,,,,,,,,,
ISC,BNO04,18.00,,,,,,,,,
ISC,BNP01,225.00,600.88,759.00,813.00,786.00,834.00,941.00,942.00,876.00,682.00
ISC,BNP02,39.00,48.00,52.00,55.00,57.00,67.00,18.00,18.00,0.00,57.00
ISC,BNP03,178.00,,,,,,,,,
ISC,BNP04,52.00,47.00,48.00,51.00,49.00,53.00,27.00,27.00,27.00,50.00
ISC,BNP05,60.00,64.00,56.00,59.00,67.00,60.00,,,,51.00
ISC,BNP06,579.00,782.50,792.00,770.00,793.00,800.00,505.00,511.00,503.00,756.00
ISC,BNP07,22.00,24.00,33.00,29.00,26.00,19.00,22.00,24.00,24.00,30.00
ISC,BNP08,162.00,,,,,,,,,
ISC,BNP09,43.00,,,,,,,,,
ISC,BNP10,378.00,,,,,,,,,
ISC,BNP11,1054.00,1055.00,1085.00,1189.00,1298.00,1198.00,1265.00,1265.00,1265.00,1295.00
ISC,BNP12,337.00,327.00,374.00,383.00,490.00,409.00,500.00,471.00,455.00,484.00
ISC,BNP13,81.00,,,,,,,,,
ISC,BNP14,15.00,,,,,,,,,
ISC,BNP15,274.00,,,,,,,,,
ISC,BNP16,26.00,25.00,29.00,31.00,29.00,31.00,27.00,27.00,27.00,27.00
ISC,BNP17,,28.00,39.00,33.00,33.00,26.00,20.00,21.00,21.00,31.00
ISC,BNP18,,831.00,862.00,869.00,947.00,855.00,906.00,880.00,861.00,868.00
ISC,ISS01,346.00,397.00,455.00,469.00,454.00,427.00,351.00,336.00,317.00,428.00
ISC,ISS02,190.00,222.00,233.00,219.00,216.00,204.00,224.00,202.00,178.00,204.00
ISC,ISS03,6.00,8.00,6.00,7.00,11.00,12.00,10.00,10.00,10.00,12.00
ISC,ISS04,265.00,323.00,367.00,346.00,296.00,311.00,270.00,271.00,255.00,265.00
ISC,ISS05,214.00,209.00,236.00,237.00,182.00,172.00,150.00,145.00,139.00,168.00
ISC,ISS06,57.00,62.00,58.00,54.00,35.00,37.00,26.00,25.00,25.00,26.00
ISC,ISS07,333.00,356.00,367.00,367.00,414.00,394.00,285.00,281.00,266.00,363.00
ISC,ISS08,61.00,60.00,70.00,66.00,63.00,55.00,72.00,72.00,70.00,59.00
ISC,ISS09,22.00,23.00,20.00,16.00,9.00,8.00,9.00,9.00,9.00,7.00
ISC,ISS0Z,42.00,43.00,40.00,38.00,31.00,31.00,24.00,24.00,22.00,34.00
JUS,BNX01,1844.00,1892.00,2021.00,2188.00,2300.00,2200.00,2202.00,2179.00,2163.00,2295.00
JUS,BNX02,202.00,212.00,215.00,226.00,215.00,227.00,183.00,171.00,161.00,233.00
JUS,BNX03,1315.00,1373.00,1440.00,1483.00,1528.00,1491.00,1493.00,1486.00,1483.00,1523.00
JUS,BNY01,247.00,268.00,304.00,328.00,311.00,332.00,213.00,209.00,209.00,261.00
JUS,BNY02,9.00,10.00,8.00,9.00,10.00,9.00,11.00,10.00,10.00,10.00
JUS,BNY03,3.00,4.00,3.00,5.00,5.00,5.00,5.00,5.00,5.00,4.00
JUS,BNY04,2.00,2.00,2.00,1.00,1.00,1.00,0.00,0.00,0.00,1.00
JUS,BNY05,7.00,7.00,6.00,6.00,7.00,6.00,17.00,17.00,17.00,18.00
JUS,BNY06,5.00,5.00,5.00,4.00,3.00,4.00,10.00,9.00,9.00,11.00
JUS,BNY07,1.00,0.00,1.00,1.00,1.00,1.00,34.00,34.00,34.00,36.00
JUS,BNY08,19.00,20.00,19.00,17.00,16.00,17.00,14.00,14.00,14.00,16.00
JUS,BNY09,5.00,6.00,8.00,7.00,6.00,7.00,5.00,5.00,5.00,6.00
JUS,BNY10,10.00,10.00,10.00,12.00,14.00,12.00,14.00,14.00,14.00,14.00
JUS,ISS01,226.00,250.00,262.00,268.00,280.00,268.00,218.00,215.00,213.00,284.00
JUS,ISS02,67.00,67.00,60.00,62.00,67.00,63.00,58.00,58.00,58.00,67.00
JUS,ISS03,,,,,,,0.00,0.00,0.00,0.00
JUS,ISS04,210.00,212.00,229.00,235.00,263.00,234.00,236.00,235.00,235.00,269.00
JUS,ISS05,163.00,159.00,152.00,153.00,162.00,150.00,148.00,147.00,147.00,163.00
JUS,ISS06,114.00,118.00,119.00,129.00,142.00,126.00,127.00,126.00,126.00,143.00
JUS,ISS07,192.00,204.00,206.00,216.00,222.00,213.00,189.00,188.00,188.00,228.00
JUS,ISS08,62.00,62.00,67.00,74.00,84.00,71.00,72.00,71.00,71.00,87.00
JUS,ISS09,,,,,,,0.00,0.00,0.00,0.00
JUS,ISS0Z,19.00,19.00,21.00,19.00,17.00,19.00,17.00,17.00,17.00,17.00
LAC,BSI01,79.00,72.00,69.00,91.00,107.00,127.00,68.00,67.00,66.00,82.00
LAC,BSI02,111.00,104.00,92.00,94.00,102.00,97.00,91.00,92.00,88.00,96.00
LAC,BSI03,84.00,69.00,62.00,73.00,73.00,61.00,69.00,69.00,65.00,74.00
LAC,BSI04,123.00,115.00,115.00,138.00,151.00,122.00,84.00,84.00,83.00,99.00
LAC,BSJ01,230.00,192.00,250.00,140.00,145.00,140.00,142.00,134.00,132.00,154.00
LAC,BSJ02,48.00,50.00,60.00,55.00,59.00,49.00,39.00,37.00,37.00,42.00
LAC,BSJ03,,,,249.00,256.00,84.00,200.00,59.00,23.00,242.00
LAC,ISS00,284.00,251.00,272.00,286.00,308.00,293.00,269.00,256.00,213.00,272.00
LCC,BYO01,,,,4.00,7.00,13.00,13.00,13.00,13.00,13.00
LCC,ISS00,,,,3.00,4.00,5.00,5.00,5.00,5.00,5.00
LDC,BXK01,,2.90,,,,,,,,4.00
MPCC,BVJ01,14.00,16.00,14.00,15.00,14.00,16.00,16.00,16.00,16.00,16.00
MPCC,ISS00,15.00,14.00,15.00,16.00,16.00,15.00,16.00,16.00,16.00,15.00
NBC,BFO01,19.00,22.00,23.00,21.00,22.00,22.00,20.00,20.00,19.00,22.00
NBC,BFY01,17.00,19.00,23.00,20.00,22.00,19.00,20.00,20.00,19.00,19.00
NBC,ISS00,17.00,18.00,19.00,19.00,19.00,18.00,18.00,17.00,16.00,18.00
ND,BUN01,,,,,15.00,0.00,13.00,13.00,13.00,13.00
ND,BUN02,128.00,127.00,124.00,118.00,111.00,114.00,130.00,132.00,135.00,122.00
ND,BUN03,62.00,66.00,82.00,103.00,217.00,79.00,272.00,278.00,284.00,309.00
ND,BUN04,610.00,598.00,847.00,848.00,919.00,650.00,1073.00,1094.00,1116.00,694.00
ND,BUN05,466.00,435.00,476.00,469.00,483.00,474.00,571.00,583.00,594.00,500.00
ND,BUN06,890.00,877.00,1157.00,1174.00,1167.00,933.00,1287.00,1315.00,1337.00,982.00
ND,BUN07,,,,155.00,155.00,150.00,169.00,173.00,176.00,144.00
ND,BUO01,305.00,302.00,392.00,418.00,437.00,328.00,486.00,494.00,502.00,358.00
ND,BUO02,8294.00,9480.00,8331.00,8728.00,8182.00,8499.00,8552.00,8656.00,8731.00,8236.00
ND,BUO03,19145.00,17907.00,16592.00,14866.00,14636.00,16755.00,14763.00,15068.00,15351.00,16226.00
ND,BUO04,9947.00,9595.00,10136.00,9809.00,9969.00,9375.00,11049.00,11269.00,11485.00,9534.00
ND,BUO05,1965.00,1975.00,2053.00,2291.00,2341.00,2250.00,2502.00,2553.00,2599.00,2277.00
ND,BUO06,754.00,765.00,806.00,793.00,777.00,797.00,856.00,872.00,885.00,789.00
ND,BUO07,971.00,981.00,892.00,938.00,1117.00,872.00,1243.00,1264.00,1278.00,1056.00
ND,BUO08,1003.00,964.00,1009.00,956.00,980.00,929.00,1007.00,1030.00,1047.00,948.00
ND,BUO09,839.00,945.00,945.00,828.00,821.00,723.00,895.00,903.00,916.00,722.00
ND,BUO10,2207.00,2365.00,2619.00,2579.00,2400.00,2418.00,2540.00,2570.00,2577.00,2270.00
ND,BUO11,1.00,2.00,2.00,2.00,1.00,1.00,1.00,1.00,1.00,1.00
ND,BUP01,548.00,527.00,617.00,608.00,622.00,571.00,708.00,724.00,735.00,596.00
ND,BUP02,3802.00,3337.00,4010.00,3982.00,3973.00,4655.00,4290.00,4354.00,4415.00,4690.00
ND,BUP03,3570.00,3466.00,3637.00,3685.00,3644.00,3491.00,3877.00,3924.00,3950.00,3488.00
ND,BUP04,9081.00,9887.00,7666.00,8136.00,9647.00,9089.00,10499.00,10704.00,10881.00,10435.00
ND,BUP05,1283.00,1411.00,2013.00,2646.00,2472.00,2430.00,2527.00,2573.00,2614.00,2444.00
ND,BUP06,40.00,35.00,46.00,48.00,51.00,41.00,61.00,59.00,60.00,40.00
ND,BUP07,32.00,32.00,34.00,38.00,39.00,38.00,43.00,43.00,43.00,43.00
ND,BUP08,260.00,265.00,366.00,350.00,357.00,278.00,384.00,391.00,396.00,286.00
ND,BUP09,68.00,67.00,76.00,71.00,69.00,80.00,62.00,64.00,65.00,68.00
ND,BUP10,218.00,229.00,263.00,256.00,244.00,229.00,253.00,254.00,255.00,205.00
ND,BUQ01,126.00,123.00,158.00,237.00,248.00,183.00,261.00,265.00,267.00,196.00
ND,BUQ02,124.00,123.00,157.00,160.00,155.00,126.00,172.00,175.00,177.00,134.00
ND,BUQ03,34.00,5.00,6.00,7.00,7.00,5.00,8.00,8.00,8.00,5.00
ND,BUQ04,85.00,88.00,107.00,117.00,87.00,97.00,132.00,133.00,133.00,78.00
ND,BUQ05,,,,,,,0.00,0.00,0.00,0.00
ND,BUQ06,109.00,129.00,140.00,142.00,148.00,142.00,165.00,165.00,164.00,141.00
ND,BUQ07,13.00,15.00,15.00,15.00,19.00,15.00,20.00,20.00,20.00,20.00
ND,BUQ08,1392.00,1500.00,1481.00,1466.00,1538.00,1406.00,1310.00,1306.00,1295.00,1481.00
ND,BUR01,372.00,373.00,451.00,493.00,525.00,428.00,554.00,559.00,563.00,456.00
ND,BUR02,579.00,605.00,552.00,730.00,784.00,680.00,838.00,849.00,851.00,724.00
ND,BUR03,282.00,287.00,467.00,322.00,413.00,308.00,488.00,489.00,485.00,393.00
ND,BUR04,339.00,369.00,347.00,487.00,534.00,463.00,631.00,632.00,631.00,537.00
ND,BUR05,953.00,823.00,522.00,842.00,983.00,835.00,990.00,992.00,990.00,954.00
ND,BUS01,139.00,153.00,175.00,184.00,191.00,184.00,220.00,219.00,219.00,184.00
ND,BUS02,69.00,64.00,63.00,79.00,108.00,81.00,162.00,162.00,161.00,105.00
ND,BUS03,2666.00,2743.00,2747.00,2652.00,2753.00,2591.00,2808.00,2789.00,2771.00,2667.00
ND,BUS04,302.00,310.00,315.00,321.00,339.00,331.00,360.00,359.00,355.00,334.00
ND,BUS05,500.00,514.00,589.00,609.00,665.00,581.00,751.00,757.00,758.00,599.00
ND,BUS06,50.00,52.00,52.00,55.00,57.00,58.00,62.00,63.00,63.00,58.00
ND,BUS07,26.00,22.00,21.00,27.00,34.00,25.00,52.00,51.00,51.00,31.00
ND,BUS08,2258.00,2240.00,2138.00,2073.00,2150.00,2158.00,2199.00,2209.00,2221.00,2212.00
ND,BUS09,4245.00,4057.00,3888.00,3908.00,4121.00,3900.00,4246.00,4275.00,4299.00,4116.00
ND,BUS10,3103.00,3066.00,3025.00,2934.00,2920.00,2897.00,3033.00,3060.00,3096.00,2878.00
ND,BUS11,1384.00,1258.00,1385.00,1508.00,1552.00,1431.00,1658.00,1679.00,1698.00,1430.00
ND,BUS12,1171.00,1133.00,1184.00,1191.00,1239.00,1174.00,1299.00,1327.00,1353.00,1224.00
ND,BUS13,31.00,30.00,32.00,34.00,49.00,33.00,47.00,47.00,46.00,45.00
ND,BYX01,,,,,,,7.00,7.00,7.00,
ND,BYX02,,,,,,,234.00,239.00,244.00,
ND,BYX03,,,,,,,44.00,45.00,46.00,
ND,BYX04,,,,,,,319.00,325.00,332.00,
ND,BYX05,,,,,,,1083.00,1105.00,1127.00,
ND,BYY01,,,,,,,198.00,202.00,206.00,
ND,BYY02,,,,,,,445.00,454.00,463.00,
ND,BYY03,,,,,,,31.00,32.00,33.00,
ND,BYY04,,,,,,,3010.00,3070.00,3131.00,
ND,BYY05,,,,,,,356.00,363.00,370.00,
ND,BYY06,,,,,,,219.00,223.00,227.00,
ND,BYY07,,,,,,,469.00,478.00,488.00,
ND,ISS01,1054.00,1065.00,1134.00,1252.00,1296.00,1185.00,1459.00,1462.00,1456.00,1199.00
ND,ISS02,220.00,223.00,232.00,254.00,274.00,241.00,315.00,319.00,319.00,266.00
ND,ISS03,29.00,29.00,28.00,26.00,26.00,26.00,32.00,32.00,32.00,27.00
ND,ISS04,1059.00,1023.00,1083.00,1233.00,1171.00,1266.00,1240.00,1263.00,1255.00,1155.00
ND,ISS05,452.00,472.00,543.00,565.00,531.00,536.00,609.00,615.00,602.00,512.00
ND,ISS06,121.00,156.00,177.00,184.00,245.00,176.00,416.00,409.00,406.00,236.00
ND,ISS07,843.00,834.00,857.00,954.00,1009.00,933.00,1116.00,1110.00,1104.00,972.00
ND,ISS08,98.00,91.00,90.00,93.00,102.00,91.00,122.00,121.00,121.00,97.00
ND,ISS09,299.00,307.00,338.00,343.00,328.00,310.00,341.00,324.00,316.00,295.00
ND,ISS0Z,167.00,172.00,174.00,195.00,227.00,205.00,307.00,307.00,305.00,234.00
NEB,BXT01,90.80,92.30,80.00,85.30,82.50,70.80,97.10,95.30,85.90,90.30
NEB,BXT02,12.20,27.20,30.30,27.80,30.60,30.50,20.30,19.90,17.90,25.50
NEB,BXT03,9.00,9.90,7.40,7.80,8.30,7.80,,,,9.40
NEB,BXT04,30.40,21.30,20.00,17.70,18.90,19.70,27.50,27.00,24.40,19.90
NEB,BXU01,28.60,34.40,36.90,36.00,39.30,39.90,36.90,37.30,37.30,33.60
NEB,BXU02,1.80,13.80,4.70,4.60,5.20,2.60,,,,2.00
NEB,BXV01,28.70,25.00,20.00,24.10,21.40,24.40,20.30,18.30,15.20,20.70
NEB,BXV02,28.20,26.40,24.80,22.10,25.90,22.90,20.90,14.80,7.00,20.70
NEB,BXY01,126.50,101.10,118.40,120.10,117.60,122.50,122.70,117.70,97.80,117.30
NEB,BXY02,2.90,3.00,3.00,,,,,,,
NEB,ISS00,162.40,204.30,225.70,225.40,230.50,196.90,213.70,205.10,193.90,206.80
NFB,BSM01,158.00,157.00,151.00,147.00,118.00,158.00,,,,125.00
NFB,BSP01,74.00,74.00,72.00,69.00,65.00,71.00,,,,67.00
NFB,BSP02,50.00,59.00,67.00,68.00,56.00,67.00,,,,60.00
NFB,BSP03,30.00,22.00,20.00,23.00,25.00,21.00,,,,25.00
NFB,BYZ01,,,,,,,130.00,130.00,130.00,
NFB,BYZ02,,,,,,,115.00,115.00,115.00,
NFB,BYZ03,,,,,,,10.00,10.00,10.00,
NFB,BYZ04,,,,,,,25.00,25.00,25.00,
NFB,ISS00,75.00,75.00,71.00,77.00,78.00,73.00,72.00,72.00,72.00,75.00
NPA,BWQ01,1.00,1.00,1.00,1.00,1.00,4.00,2.00,2.00,2.00,2.00
NPB,BUA01,323.00,320.00,329.00,345.00,344.00,322.00,288.00,287.00,286.00,317.00
NPB,BUB01,45.00,49.00,49.00,52.00,53.00,51.00,50.00,50.00,50.00,51.00
NPB,BUC01,62.00,57.00,65.00,70.00,83.00,83.00,81.00,81.00,80.00,83.00
NPB,ISS00,68.00,67.00,76.00,82.00,83.00,77.00,91.00,87.00,77.00,77.00
NR,BTL01,36.00,37.00,36.03,39.82,40.10,40.86,42.05,41.33,41.01,45.48
NR,BTL02,128.00,136.00,134.68,125.66,116.10,110.97,84.10,60.25,58.80,95.82
NR,BTL03,132.00,133.00,153.67,171.13,183.60,191.99,158.21,153.99,135.67,170.10
NR,BTL04,10.00,11.00,8.43,9.18,9.70,10.68,9.32,9.23,9.20,11.13
NR,BTL05,95.00,91.00,88.68,89.73,90.30,93.10,97.06,95.22,93.83,120.02
NR,BTL06,220.00,225.00,240.44,266.59,290.80,262.52,265.24,239.21,228.19,277.98
NR,BTL07,180.00,196.00,192.72,200.61,202.70,185.94,161.34,161.43,158.16,207.33
NR,BTL08,76.00,102.00,122.93,144.27,160.40,151.89,172.55,157.79,146.79,185.30
NR,BTL09,26.00,28.00,27.20,34.34,44.00,46.33,27.16,11.45,10.62,45.45
NR,BTL10,61.00,60.00,66.15,72.73,72.80,77.35,62.23,62.32,59.87,77.14
NR,BTL11,129.00,132.00,124.95,122.43,116.60,119.87,109.76,109.47,109.62,120.10
NR,BTL12,77.00,75.00,89.67,108.47,150.60,115.28,193.71,188.88,136.39,151.81
NR,BTL13,36.00,37.00,36.13,44.47,48.80,58.05,61.56,59.69,60.94,57.97
NR,BTM01,568.00,,,,,,,,,
NR,BTM02,30.00,,,,,,,,,
NR,BTM03,112.00,,,,,,,,,
NR,BTM04,130.00,127.00,137.13,134.67,151.00,146.10,121.33,85.34,78.04,162.47
NR,BTM05,86.00,89.00,99.27,97.88,105.50,86.72,99.02,99.72,97.97,98.80
NR,BTM06,127.00,120.00,106.85,120.76,148.30,120.15,130.55,129.74,116.54,153.31
NR,BTM07,48.00,67.00,57.05,61.18,56.80,50.27,,,,51.15
NR,BTM08,69.00,100.00,121.22,101.69,101.90,109.40,107.08,69.86,58.02,105.67
NR,BTM09,82.00,102.00,128.54,184.08,181.00,173.63,158.00,111.00,109.00,189.93
NR,BTM10,221.00,247.00,343.77,398.13,389.50,390.88,292.14,196.94,193.36,384.81
NR,BTM11,62.00,66.00,108.25,129.27,206.30,122.28,159.64,157.34,139.40,172.22
NR,BTM12,115.00,103.00,101.73,94.38,95.00,109.69,83.19,76.61,78.84,88.04
NR,BTM13,,714.00,782.31,830.38,906.60,872.18,876.60,797.94,723.18,834.41
NR,BTO01,144.00,131.00,162.64,175.57,171.80,169.39,167.27,168.34,169.66,176.80
NR,BTO02,142.00,140.00,145.32,179.26,211.90,230.17,233.58,212.27,203.45,244.13
NR,BTO03,83.00,89.00,104.73,104.60,110.50,119.09,110.04,107.06,106.47,145.73
NR,BTO04,32.00,23.00,,,,,,,,
NR,BTO05,,,,,,,0.00,0.00,0.00,0.00
NR,BTO06,31.00,31.00,31.50,22.06,,,,,,
NR,BTO07,58.00,46.00,44.73,126.12,,,,,,
NR,BTO08,4.00,5.00,5.81,5.42,6.10,4.19,5.00,5.00,0.00,6.34
NR,BTO09,,,,,139.90,95.49,83.36,66.12,60.63,116.23
NR,ISS01,279.00,310.00,381.17,376.62,354.30,415.69,334.82,333.59,328.70,345.99
NR,ISS02,123.00,92.00,88.19,88.74,159.10,145.26,138.42,134.84,134.05,157.83
NR,ISS03,4.00,6.00,6.28,5.87,6.00,8.83,11.00,11.05,10.64,8.19
NR,ISS04,164.00,184.00,257.07,273.85,281.60,275.64,305.67,304.00,303.57,333.20
NR,ISS05,108.00,107.00,118.01,130.00,142.20,145.36,130.49,132.96,132.55,158.69
NR,ISS06,45.00,43.00,42.67,43.39,37.50,41.42,34.79,36.27,36.41,40.88
NR,ISS07,126.00,125.00,176.57,190.44,192.60,203.06,183.48,178.65,176.39,231.93
NR,ISS08,72.00,84.00,107.95,132.90,140.90,180.60,125.10,122.59,121.65,167.01
NR,ISS09,16.00,17.00,14.58,9.11,9.30,9.00,6.00,6.00,6.00,9.08
NR,ISS0Z,38.00,39.00,50.65,52.80,54.90,61.72,60.00,60.60,60.00,68.64
NRC,BNQ01,349.00,338.20,341.15,341.44,352.70,351.30,375.30,378.40,371.50,353.70
NRC,BNQ02,177.90,187.80,179.82,158.71,157.69,157.56,150.50,149.50,149.50,153.80
NRC,BNQ03,267.80,263.80,268.61,271.91,270.22,272.36,245.40,252.40,255.40,264.40
NRC,BNQ04,273.40,273.50,274.47,305.77,339.14,319.85,332.50,335.50,334.50,331.10
NRC,BNQ05,218.20,213.10,214.76,206.91,231.65,220.78,209.50,212.50,206.50,223.00
NRC,BNQ06,131.90,128.50,123.14,128.45,129.78,131.80,132.20,129.20,127.60,128.00
NRC,BNQ07,330.60,397.90,420.28,327.26,302.66,303.74,270.50,266.50,260.90,295.90
NRC,BNQ08,447.50,452.40,462.23,468.57,503.35,477.17,508.60,498.60,452.60,571.30
NRC,BNQ10,,,,,,,0.00,0.00,0.00,0.00
NRC,BNQ11,168.00,163.20,167.74,168.96,170.28,170.46,163.40,160.40,150.40,164.70
NRC,BNQ12,76.40,73.30,66.53,68.91,89.70,92.08,79.10,79.10,79.10,88.90
NRC,BNQ13,69.30,72.30,66.00,64.74,,,,,,
NRC,BNQ14,40.00,31.70,31.01,27.82,28.09,28.39,29.50,29.50,29.50,28.20
NRC,BNQ15,99.20,102.40,100.45,102.78,107.97,113.56,107.90,110.20,102.20,102.90
NRC,BNQ16,91.90,87.90,89.26,90.95,,,,,,
NRC,BNQ17,,,,,,,0.00,0.00,0.00,0.00
NRC,BNQ18,101.20,100.70,64.07,68.12,70.83,68.37,,,,69.90
NRC,BNQ19,97.30,95.60,91.71,87.89,88.11,88.19,86.50,85.50,84.50,84.10
NRC,BNQ20,15.80,13.00,13.70,16.14,16.14,36.61,18.00,18.00,18.00,16.50
NRC,BNQ21,10.00,10.00,10.00,14.50,12.44,10.00,7.10,7.10,7.10,10.00
NRC,BNQ22,24.80,25.90,26.69,33.47,41.97,38.11,52.00,52.00,47.70,42.30
NRC,BNQ23,149.70,149.40,159.11,162.06,,,,,,
NRC,BNQ24,130.40,127.10,130.08,147.94,172.29,148.23,163.40,163.40,157.40,169.70
NRC,BNQ25,,,,,,,0.00,0.00,0.00,0.00
NRC,BNQ26,,,,,,,0.00,0.00,0.00,0.00
NRC,BNQ27,,,,,74.62,69.97,79.90,0.00,0.00,73.60
NRC,BNQ28,,,,,243.01,244.05,234.80,230.30,224.10,239.00
NRC,ISS01,144.50,139.70,127.29,130.69,166.10,162.16,189.70,180.70,163.70,162.40
NRC,ISS02,80.20,79.90,80.47,81.22,81.31,84.21,76.50,73.50,64.50,77.60
NRC,ISS03,1.00,1.00,1.00,1.00,1.00,0.00,1.00,1.00,1.00,1.00
NRC,ISS04,134.00,127.90,125.35,144.68,147.37,145.59,140.00,133.00,121.00,145.70
NRC,ISS05,127.50,128.20,132.27,124.17,116.48,118.41,116.20,113.20,103.80,110.30
NRC,ISS06,34.90,67.40,34.51,68.70,70.14,40.79,14.20,13.20,13.20,41.40
NRC,ISS07,192.80,159.70,207.68,208.30,222.04,219.29,243.10,237.10,222.10,242.60
NRC,ISS08,237.10,238.00,222.34,244.87,230.93,230.47,288.20,283.20,269.20,223.10
NRC,ISS09,19.80,17.70,16.60,20.22,21.15,19.97,21.00,21.00,19.00,20.10
NRC,ISS0Z,19.20,18.70,14.97,36.07,45.53,35.61,59.30,56.30,50.30,42.00
NSERC,BNR01,125.00,136.00,131.00,122.00,128.00,122.00,151.00,154.00,119.00,150.00
NSERC,BNR02,55.00,65.00,60.00,64.00,59.00,57.00,65.00,64.00,54.00,65.00
NSERC,BNR03,131.00,150.00,159.00,168.00,164.00,162.00,169.00,167.00,137.00,177.00
NSERC,ISS01,58.00,35.00,35.00,38.00,37.00,36.00,38.00,37.00,35.00,40.00
NSERC,ISS02,9.00,9.00,9.00,8.00,8.00,19.00,8.00,8.00,8.00,8.00
NSERC,ISS03,,5.00,5.00,6.00,6.00,6.00,6.00,6.00,6.00,6.00
NSERC,ISS04,24.00,26.00,26.00,27.00,26.00,26.00,25.00,25.00,25.00,28.00
NSERC,ISS05,19.00,18.00,18.00,19.00,18.00,20.00,17.00,17.00,16.00,21.00
NSERC,ISS06,16.00,15.00,15.00,18.00,18.00,18.00,17.00,17.00,17.00,19.00
NSERC,ISS07,55.00,31.00,31.00,31.00,34.00,30.00,32.00,32.00,31.00,37.00
NSERC,ISS08,,9.00,9.00,3.00,7.00,6.00,5.00,4.00,4.00,3.00
NSERC,ISS09,,,,,,,0.00,0.00,0.00,0.00
NSERC,ISS0Z,4.00,4.00,4.00,4.00,4.00,4.00,4.00,4.00,4.00,4.00
NSICP,BUE01,7.80,7.60,7.70,7.50,6.80,7.00,7.50,7.50,7.50,9.00
NSICP,ISS00,0.40,0.90,1.00,2.00,1.60,3.00,4.50,4.50,4.50,3.00
OAG,BGX01,632.00,727.00,732.00,780.00,752.00,770.00,750.00,750.00,750.00,750.00
OCI,BVL01,33.00,30.00,27.60,26.00,30.00,35.00,36.00,36.00,33.00,38.00
OCI,ISS40,5.00,5.20,7.60,8.00,10.00,10.00,8.00,7.00,7.00,10.00
OCOL,BGH01,67.00,67.00,63.00,69.00,67.00,68.00,73.00,73.00,73.00,68.00
OCOL,BGI01,55.00,54.00,52.00,52.00,55.00,50.00,56.00,56.00,56.00,55.00
OCOL,ISS00,46.00,46.00,47.00,46.00,50.00,51.00,60.00,60.00,60.00,54.00
OCSEC,BXS01,5.00,5.00,5.00,4.50,4.50,6.50,6.50,6.50,6.50,6.50
OCSEC,ISS00,2.00,2.00,2.00,2.00,1.00,4.00,2.00,2.00,2.00,2.00
ODPP,BRD01,835.00,877.00,899.00,920.00,942.00,880.00,918.00,918.00,918.00,905.00
ODPP,ISS00,188.00,210.00,210.00,214.00,206.00,259.00,202.00,193.00,193.00,216.00
OICC,BTK01,19.00,,,,,,,,,
OICC,BTK02,5.40,,,,,,,,,
OICC,BTK03,56.20,,,,,,,,,
OICC,BTK04,8.10,,,,,,,,,
OICC,BTK05,4.10,,,,,,,,,
OICC,BTK06,46.30,,,,,,,,,
OICC,BTK07,19.90,,,,,,,,,
OICC,BTK08,45.00,,,,,,,,,
OICC,BTK09,9.80,,,,,,,,,
OICC,BTK10,2.70,,,,,,,,,
OICC,BTK11,20.50,,,,,,,,,
OICC,BTK12,20.60,,,,,,,,,
OICC,BTK13,0.00,,,,,,,,,
OICC,BYB01,,168.00,227.00,247.00,240.00,215.00,,,,
OICC,BYB02,,53.00,47.00,51.00,44.00,41.00,,,,
OICC,BYB03,,6.00,6.00,11.00,11.00,10.00,,,,
OICC,BYB04,,7.00,51.00,56.00,58.00,55.00,,,,
OICC,BYC01,,20.00,21.00,41.00,40.00,31.00,,,,
OICC,BYC02,,149.00,205.00,217.00,201.00,184.00,,,,
OICC,BYC03,,0.00,0.00,4.00,8.00,7.00,,,,
OICC,BYC04,,,0.00,55.00,54.00,54.00,,,,
OICC,BYD01,,16.00,0.00,,,,,,,
OICC,BYD02,,3.00,3.00,4.00,3.00,4.00,,,,
OICC,BYD03,,165.00,196.00,240.00,260.00,280.00,,,,
OICC,BYD04,,15.00,20.00,14.00,15.00,15.00,,,,
OICC,BYD05,,26.00,87.00,141.00,169.00,124.00,,,,
OICC,BYS01,,,,,,,227.00,217.00,196.00,184.00
OICC,BYS02,,,,,,,217.00,211.00,20.00,302.00
OICC,BYT01,,,,,,,207.00,194.00,205.00,258.00
OICC,BYT02,,,,,,,82.00,79.00,75.00,99.00
OICC,BYT03,,,,,,,193.00,186.00,137.00,229.00
OICC,BYT04,,,,,,,130.00,125.00,117.00,146.00
OICC,BYT05,,,,,,,46.00,45.00,10.00,57.00
OICC,BYT06,,,,,,,53.00,52.00,51.00,59.00
OICC,ISS01,222.60,100.00,126.00,125.00,119.00,139.00,106.00,102.00,89.00,97.00
OICC,ISS02,50.30,26.00,46.00,69.00,73.00,41.00,56.00,56.00,47.00,62.00
OICC,ISS03,,,,,,,1.00,1.00,1.00,0.00
OICC,ISS04,58.50,78.00,97.00,116.00,118.00,75.00,111.00,108.00,88.00,94.00
OICC,ISS05,49.70,61.00,76.00,86.00,90.00,81.00,92.00,90.00,78.00,103.00
OICC,ISS06,9.30,55.00,48.00,68.00,74.00,76.00,70.00,68.00,46.00,80.00
OICC,ISS07,44.80,0.00,12.00,17.00,18.00,30.00,18.00,17.00,12.00,20.00
OICC,ISS08,3.00,1.00,,,,,0.00,0.00,0.00,0.00
OICC,ISS09,,2.00,,,,,0.00,0.00,0.00,0.00
OICC,ISS0Z,5.50,5.00,7.00,5.00,4.00,7.00,5.00,5.00,5.00,7.00
OPSIC,BTS01,23.00,26.00,25.00,24.80,28.60,24.50,36.00,36.00,36.00,34.00
OPSIC,ISS00,7.00,8.00,7.00,8.00,8.20,8.70,9.00,9.00,9.00,9.00
ORL,BVA04,24.00,21.00,23.00,23.00,24.00,30.00,27.00,27.00,27.00,27.00
ORL,ISS00,4.00,5.00,5.00,6.00,9.00,7.00,9.00,9.00,9.00,9.00
OSFI,BVN01,398.00,414.00,437.00,547.00,581.00,596.00,,,,584.00
OSFI,BVN02,107.00,117.00,140.00,187.00,149.00,166.00,,,,151.00
OSFI,BVN03,23.00,25.00,23.00,21.00,22.00,25.00,,,,23.00
OSFI,BVN04,27.00,27.00,21.00,24.00,27.00,24.00,,,,29.00
OSFI,BVO01,37.00,40.00,45.00,51.00,52.00,57.00,,,,58.00
OSFI,ISS00,275.00,297.00,358.00,485.00,447.00,430.00,,,,458.00
PCA,BGW01,66.00,75.00,99.00,133.00,134.00,199.00,,,,176.00
PCA,BGW02,1247.00,1357.00,1380.00,1406.00,1368.00,1366.00,,,,1360.00
PCA,BGW03,411.00,444.00,458.00,463.00,455.00,449.00,,,,439.00
PCA,BGW04,2373.00,2629.00,2590.00,2672.00,2672.00,2570.00,,,,2574.00
PCA,BGW05,330.00,328.00,307.00,304.00,318.00,301.00,,,,348.00
PCA,BGW06,,,,,,,319.00,276.00,276.00,
PCA,BGW07,,,,,,,285.00,263.00,246.00,
PCA,BGW08,,,,,,,346.00,323.00,299.00,
PCA,BGW09,,,,,,,558.00,515.00,482.00,
PCA,BGW10,,,,,,,75.00,64.00,59.00,
PCA,BGW11,,,,,,,111.00,115.00,118.00,
PCA,BGW12,,,,,,,417.00,396.00,367.00,
PCA,BGW13,,,,,,,685.00,657.00,577.00,
PCA,BGW14,,,,,,,1781.00,1700.00,1496.00,
PCA,ISS01,220.00,242.00,243.00,277.00,290.00,269.00,147.00,122.00,112.00,273.00
PCA,ISS02,52.00,49.00,47.00,46.00,42.00,48.00,38.00,34.00,32.00,43.00
PCA,ISS03,,,,,,,0.00,0.00,0.00,0.00
PCA,ISS04,268.00,289.00,294.00,344.00,337.00,352.00,324.00,313.00,297.00,355.00
PCA,ISS05,182.00,201.00,217.00,213.00,202.00,188.00,189.00,142.00,135.00,187.00
PCA,ISS06,52.00,50.00,53.00,47.00,43.00,50.00,36.00,35.00,34.00,49.00
PCA,ISS07,55.00,64.00,64.00,72.00,70.00,74.00,101.00,87.00,83.00,74.00
PCA,ISS08,73.00,78.00,92.00,100.00,106.00,91.00,213.00,148.00,145.00,96.00
PCA,ISS09,3.00,2.00,2.00,1.00,1.00,1.00,2.00,2.00,2.00,0.00
PCA,ISS0Z,51.00,48.00,55.00,60.00,59.00,56.00,56.00,42.00,40.00,56.00
PCAN,BYK01,,,41.00,43.00,30.00,36.00,37.00,37.00,32.00,36.00
PCAN,BYK02,,,33.00,35.00,47.00,35.00,51.00,51.00,43.00,49.00
PCAN,BYK03,,,19.00,20.00,17.00,20.00,15.00,15.00,15.00,17.00
PCAN,BYK04,,,30.00,42.00,36.00,31.00,26.00,26.00,26.00,30.00
PCAN,ISS00,,8.00,,,,,,,,
PCAN,ISS10,,,41.00,51.00,57.00,48.00,52.00,52.00,51.00,58.00
PCC,BXF01,39.00,36.00,38.00,44.00,,44.00,,,,0.00
PCC,BXF02,16.00,14.00,16.00,26.00,,28.00,,,,0.00
PCC,BXF03,3.00,4.00,5.00,2.00,,5.00,,,,0.00
PCC,ISS30,23.00,20.00,22.00,28.00,,33.00,,,,0.00
PCO,BWW01,85.00,89.00,96.00,88.00,,96.00,72.00,65.00,64.00,94.00
PCO,BWW02,95.00,102.00,122.00,133.00,,131.00,107.00,102.00,101.00,118.00
PCO,BWW03,206.00,203.00,198.00,207.00,,292.00,259.00,236.00,233.00,297.00
PCO,BWW04,2.00,26.00,35.00,10.00,,13.00,0.00,0.00,0.00,3.00
PCO,BWW06,63.00,65.00,64.00,69.00,,67.00,64.00,60.00,59.00,84.00
PCO,BWW07,37.00,40.00,38.00,34.00,,31.00,15.00,14.00,13.00,32.00
PCO,BWW08,38.00,45.00,48.00,59.00,,60.00,46.00,32.00,31.00,57.00
PCO,BWW09,63.00,66.00,72.00,82.00,,82.00,161.00,157.00,156.00,75.00
PCO,ISS00,591.00,626.00,662.00,664.00,,582.00,522.00,492.00,488.00,576.00
PHAC,BVP01,221.00,219.00,272.00,284.00,285.00,238.00,404.00,405.00,403.00,306.00
PHAC,BVP02,45.00,43.00,53.00,52.00,73.00,60.00,58.00,58.00,58.00,55.00
PHAC,BVP03,276.00,302.00,328.00,340.00,295.00,350.00,,,,290.00
PHAC,BVP04,,,,,,,27.00,28.00,16.00,
PHAC,BVQ01,597.00,685.00,735.00,812.00,851.00,858.00,579.00,483.00,479.00,622.00
PHAC,BVQ02,286.00,390.00,557.00,661.00,592.00,610.00,404.00,285.00,285.00,350.00
PHAC,BVQ03,160.00,496.00,521.00,482.00,428.00,498.00,126.00,64.00,63.00,222.00
PHAC,BVQ04,106.00,126.00,135.00,141.00,144.00,115.00,104.00,98.00,90.00,109.00
PHAC,BVQ05,,,,,,,113.00,38.00,38.00,
PHAC,BVR01,381.00,450.00,444.00,429.00,414.00,474.00,307.00,192.00,177.00,315.00
PHAC,BVR02,161.00,300.00,283.00,170.00,163.00,175.00,145.00,70.00,70.00,146.00
PHAC,BVR03,201.00,698.00,555.00,205.00,170.00,105.00,132.00,79.00,77.00,121.00
PHAC,ISS01,326.00,515.00,525.00,461.00,457.00,475.00,270.00,220.00,219.00,381.00
PHAC,ISS02,0.00,0.00,0.00,,,,0.00,0.00,0.00,0.00
PHAC,ISS03,,,,,,,0.00,0.00,0.00,0.00
PHAC,ISS04,,0.00,0.00,,,,0.00,0.00,0.00,0.00
PHAC,ISS05,97.00,142.00,156.00,154.00,163.00,112.00,185.00,140.00,139.00,164.00
PHAC,ISS06,0.00,0.00,0.00,,,,0.00,0.00,0.00,0.00
PHAC,ISS07,0.00,0.00,0.00,,,,0.00,0.00,0.00,0.00
PHAC,ISS08,0.00,0.00,0.00,,,,0.00,0.00,0.00,0.00
PHAC,ISS09,0.00,0.00,0.00,,,,0.00,0.00,0.00,0.00
PHAC,ISS0Z,3.00,2.00,1.00,1.00,0.00,4.00,0.00,0.00,0.00,0.00
PMPRB,BVM01,44.00,41.00,43.00,45.00,41.00,43.00,,,,
PMPRB,BVM02,13.00,14.00,12.00,13.00,13.00,15.00,,,,
PMPRB,BYU01,,,,,,,15.00,15.00,15.00,15.00
PMPRB,BYU02,,,,,,,43.00,43.00,43.00,43.00
PMPRB,ISS00,23.00,23.00,22.00,24.00,24.00,23.00,23.00,23.00,23.00,23.00
PSC,BWB01,87.00,67.00,66.00,68.00,94.00,69.00,,,,67.00
PSC,BWB02,344.00,345.00,383.00,361.00,364.00,357.00,,,,395.00
PSC,BWB03,104.00,100.00,124.00,125.00,120.00,126.00,,,,121.00
PSC,BWB04,,,,,,,363.00,363.00,363.00,
PSC,BWB05,,,,,,,210.00,201.00,201.00,
PSC,ISS00,293.00,263.00,294.00,299.00,173.00,302.00,158.00,143.00,143.00,237.00
PSEP,BVS01,105.00,113.00,108.00,129.00,154.00,137.00,165.00,120.00,120.00,146.00
PSEP,BVS02,48.00,48.00,48.00,45.00,33.00,47.00,30.00,27.00,21.00,44.00
PSEP,BVS03,22.00,28.00,31.00,26.00,21.00,29.00,32.00,21.00,21.00,36.00
PSEP,BVT01,48.00,50.00,65.00,76.00,120.00,86.00,95.00,76.00,76.00,131.00
PSEP,BVT02,44.00,55.00,83.00,135.00,175.00,130.00,198.00,67.00,43.00,196.00
PSEP,BVT03,64.00,92.00,112.00,101.00,98.00,82.00,64.00,58.00,49.00,91.00
PSEP,BVT04,25.00,25.00,25.00,25.00,25.00,27.00,28.00,28.00,25.00,33.00
PSEP,BVT05,61.00,79.00,111.00,90.00,68.00,92.00,81.00,81.00,75.00,83.00
PSEP,BVT06,48.00,52.00,63.00,63.00,55.00,51.00,51.00,44.00,43.00,55.00
PSEP,BVU01,69.00,81.00,93.00,129.00,132.00,102.00,86.00,85.00,72.00,112.00
PSEP,BVU02,70.00,77.00,87.00,91.00,90.00,73.00,62.00,57.00,47.00,89.00
PSEP,BVU03,116.00,130.00,145.00,146.00,176.00,155.00,162.00,159.00,144.00,163.00
PSEP,ISS01,162.00,144.00,169.00,176.00,171.00,179.00,188.00,140.00,122.00,180.00
PSEP,ISS02,75.00,76.00,77.00,80.00,80.00,74.00,70.00,64.00,59.00,78.00
PSEP,ISS03,6.00,7.00,7.00,7.00,8.00,6.00,5.00,5.00,4.00,7.00
PSEP,ISS04,70.00,76.00,96.00,107.00,107.00,83.00,82.00,78.00,75.00,88.00
PSEP,ISS05,44.00,47.00,49.00,51.00,49.00,48.00,46.00,45.00,43.00,50.00
PSEP,ISS06,30.00,31.00,31.00,34.00,35.00,31.00,28.00,28.00,26.00,34.00
PSEP,ISS07,52.00,60.00,71.00,67.00,62.00,82.00,75.00,78.00,72.00,89.00
PSEP,ISS08,8.00,16.00,19.00,26.00,24.00,18.00,38.00,38.00,38.00,38.00
PSEP,ISS09,,,,,,,0.00,0.00,0.00,0.00
PSEP,ISS0Z,19.00,11.00,15.00,14.00,14.00,14.00,14.00,13.00,13.00,19.00
RCMP,BXG01,2619.00,2483.00,3129.00,3077.00,3101.00,3263.00,3494.00,3713.00,3919.00,3283.00
RCMP,BXG02,549.00,545.00,600.00,633.00,656.00,548.00,618.00,607.00,582.00,571.00
RCMP,BXG03,740.00,695.00,706.00,715.00,802.00,698.00,778.00,778.00,778.00,756.00
RCMP,BXG04,34.00,41.00,,,,,,,,
RCMP,BXG05,167.00,176.00,170.00,207.00,232.00,177.00,223.00,218.00,227.00,198.00
RCMP,BXG06,673.00,731.00,,,,,,,,
RCMP,BXG07,332.00,323.00,366.00,405.00,520.00,367.00,357.00,356.00,355.00,357.00
RCMP,BXH01,69.00,80.00,91.00,99.00,106.00,121.00,123.00,118.00,118.00,118.00
RCMP,BXH02,45.00,44.00,48.00,43.00,53.00,57.00,52.00,52.00,51.00,50.00
RCMP,BXH03,657.00,634.00,626.00,631.00,665.00,726.00,725.00,725.00,725.00,725.00
RCMP,BXH04,72.00,71.00,77.00,80.00,85.00,77.00,81.00,81.00,81.00,79.00
RCMP,BXH05,78.00,87.00,94.00,100.00,107.00,114.00,125.00,128.00,106.00,118.00
RCMP,BXH06,1288.00,1308.00,1217.00,1215.00,1274.00,1306.00,1329.00,1387.00,1443.00,1312.00
RCMP,BXH07,388.00,412.00,426.00,447.00,488.00,437.00,,,,407.00
RCMP,BXH08,745.00,746.00,751.00,746.00,778.00,902.00,,,,859.00
RCMP,BXH09,369.00,341.00,326.00,358.00,394.00,353.00,366.00,359.00,355.00,409.00
RCMP,BXH10,,,108.00,109.00,116.00,100.00,100.00,100.00,100.00,100.00
RCMP,BXI01,10441.00,10508.00,10437.00,10459.00,10976.00,10402.00,,,,10641.00
RCMP,BXI02,5998.00,5908.00,5970.00,5897.00,5656.00,5952.00,,,,6047.00
RCMP,BXI03,483.00,481.00,489.00,485.00,494.00,676.00,709.00,709.00,709.00,676.00
RCMP,BXI04,227.00,233.00,237.00,288.00,316.00,320.00,227.00,212.00,208.00,324.00
RCMP,BXI05,1142.00,1249.00,1156.00,1184.00,1354.00,1466.00,1486.00,1491.00,1491.00,1480.00
RCMP,BXI06,,,,,,,35.00,35.00,35.00,
RCMP,BXI07,,,,,,,100.00,100.00,100.00,
RCMP,BXI08,,,,,,,16907.00,16976.00,16977.00,
RCMP,ISS01,477.00,508.00,560.00,565.00,656.00,594.00,1086.00,1093.00,1076.00,639.00
RCMP,ISS02,237.00,233.00,239.00,238.00,259.00,240.00,240.00,240.00,241.00,240.00
RCMP,ISS03,14.00,13.00,15.00,16.00,19.00,14.00,16.00,17.00,17.00,15.00
RCMP,ISS04,1761.00,1806.00,1941.00,2027.00,2192.00,1856.00,2042.00,2066.00,2066.00,1987.00
RCMP,ISS05,454.00,474.00,499.00,569.00,610.00,485.00,587.00,600.00,600.00,547.00
RCMP,ISS06,129.00,182.00,198.00,210.00,231.00,194.00,194.00,194.00,194.00,194.00
RCMP,ISS07,265.00,275.00,335.00,381.00,451.00,350.00,1240.00,1248.00,1247.00,351.00
RCMP,ISS08,238.00,236.00,249.00,254.00,242.00,240.00,240.00,240.00,240.00,240.00
RCMP,ISS09,245.00,242.00,244.00,262.00,306.00,245.00,249.00,250.00,250.00,248.00
RCMP,ISS0Z,87.00,96.00,111.00,120.00,111.00,105.00,105.00,105.00,105.00,105.00
SC,BNV01,1296.00,1466.00,1647.00,1540.00,1452.00,1506.00,1441.00,1422.00,1379.00,1526.00
SC,BNV02,893.00,1265.00,1570.00,1589.00,1486.00,1352.00,1334.00,1275.00,1154.00,1536.00
SC,BNV03,1079.00,1557.00,708.00,679.00,675.00,803.00,1297.00,655.00,137.00,1190.00
SC,BNV04,1340.00,1542.00,1785.00,1322.00,1220.00,1140.00,1163.00,1163.00,1121.00,1169.00
SC,BNV05,1491.00,1356.00,1295.00,1161.00,1242.00,1427.00,1457.00,1241.00,1193.00,1341.00
SC,ISS01,66.00,88.00,75.00,62.00,65.00,65.00,53.00,51.00,47.00,66.00
SC,ISS02,14.00,36.00,32.00,29.00,40.00,37.00,27.00,26.00,24.00,37.00
SC,ISS03,,,,,,,0.00,0.00,0.00,0.00
SC,ISS04,173.00,199.00,247.00,189.00,206.00,177.00,167.00,161.00,148.00,204.00
SC,ISS05,142.00,144.00,164.00,126.00,141.00,132.00,127.00,120.00,111.00,144.00
SC,ISS06,35.00,41.00,35.00,35.00,34.00,37.00,26.00,24.00,21.00,34.00
SC,ISS07,213.00,154.00,231.00,136.00,141.00,100.00,155.00,150.00,140.00,181.00
SC,ISS08,28.00,33.00,29.00,22.00,40.00,29.00,29.00,27.00,24.00,31.00
SC,ISS09,7.00,9.00,10.00,11.00,8.00,8.00,8.00,8.00,8.00,10.00
SC,ISS0Z,6.00,9.00,10.00,9.00,10.00,10.00,9.00,9.00,9.00,11.00
SCC,BRH01,149.00,149.00,147.00,150.00,150.00,158.00,159.00,159.00,159.00,159.00
SCC,BRH02,,,,,,,0.00,0.00,0.00,0.00
SCC,ISS00,76.00,75.00,78.00,85.00,89.00,98.00,93.00,93.00,93.00,96.00
SHARE,BWC06,349.00,,,,,,,,,
SHARE,BWD09,83.00,,,,,,,,,
SHARE,BWD10,1699.00,,,,,,,,,
SHARE,BWE09,481.00,,,,,,,,,
SHARE,BWE10,1113.00,,,,,,,,,
SHARE,BWF07,621.00,,,,,,,,,
SHARE,BWG04,1574.00,,,,,,,,,
SHARE,BYE01,,375.00,388.00,413.00,408.00,393.00,449.00,454.00,449.00,391.00
SHARE,BYE02,,73.00,112.00,134.00,185.00,141.00,,,,146.00
SHARE,BYE03,,1862.00,1982.00,2124.00,2119.00,2222.00,,,,2201.00
SHARE,BYE04,,564.00,596.00,686.00,703.00,632.00,630.00,630.00,574.00,685.00
SHARE,BYE05,,1192.00,1229.00,1307.00,1334.00,1013.00,1244.00,1209.00,1179.00,1259.00
SHARE,BYE06,,670.00,745.00,848.00,910.00,1350.00,840.00,842.00,837.00,871.00
SHARE,BYE07,,1615.00,1904.00,1922.00,1857.00,1708.00,1748.00,1701.00,1566.00,1800.00
SHARE,BYE08,,,,,,,2152.00,2123.00,2053.00,
SHARE,ISS01,246.00,231.00,219.00,245.00,242.00,324.00,256.00,257.00,254.00,242.00
SHARE,ISS02,106.00,102.00,111.00,110.00,102.00,109.00,84.00,86.00,86.00,110.00
SHARE,ISS03,,,,,,,0.00,0.00,0.00,0.00
SHARE,ISS04,346.00,382.00,396.00,437.00,424.00,358.00,384.00,353.00,350.00,451.00
SHARE,ISS05,306.00,309.00,326.00,337.00,328.00,330.00,342.00,346.00,344.00,325.00
SHARE,ISS06,39.00,43.00,58.00,59.00,52.00,40.00,40.00,41.00,41.00,60.00
SHARE,ISS07,244.00,272.00,300.00,341.00,357.00,279.00,253.00,242.00,241.00,339.00
SHARE,ISS08,47.00,45.00,46.00,48.00,45.00,30.00,33.00,28.00,28.00,45.00
SHARE,ISS09,15.00,20.00,24.00,25.00,27.00,16.00,80.00,82.00,82.00,27.00
SHARE,ISS0Z,206.00,200.00,214.00,240.00,253.00,180.00,261.00,262.00,260.00,258.00
SIRC,BXW01,38.00,52.00,53.00,51.00,58.00,69.00,54.00,54.00,54.00,69.00
SIRC,ISS00,22.00,22.00,25.00,24.00,29.00,31.00,31.00,31.00,31.00,31.00
SSHRC,BNT01,82.00,95.00,98.00,112.00,120.00,108.00,124.00,123.00,124.00,116.00
SSHRC,BNT02,39.00,38.00,39.00,44.00,51.00,43.00,53.00,49.00,49.00,49.00
SSHRC,BNT03,39.00,51.00,51.00,57.00,61.00,55.00,60.00,60.00,57.00,64.00
SSHRC,BNT04,15.00,25.00,28.00,31.00,32.00,31.00,30.00,29.00,28.00,33.00
SSHRC,BNT05,5.00,,,,,,,,,
SSHRC,BNT06,,9.00,12.00,14.00,11.00,12.00,6.00,0.00,0.00,11.00
SSHRC,BNU01,4.00,7.00,7.00,6.00,6.00,6.00,6.00,6.00,6.00,6.00
SSHRC,ISS01,47.00,34.00,36.00,42.00,50.00,41.00,43.00,42.00,41.00,49.00
SSHRC,ISS02,14.00,11.00,11.00,13.00,13.00,13.00,13.00,11.00,11.00,13.00
SSHRC,ISS03,0.00,,,,,,0.00,0.00,0.00,0.00
SSHRC,ISS04,13.00,14.00,17.00,19.00,21.00,19.00,17.00,14.00,14.00,22.00
SSHRC,ISS05,11.00,10.00,14.00,14.00,15.00,13.00,17.00,13.00,14.00,14.00
SSHRC,ISS06,7.00,7.00,6.00,6.00,7.00,7.00,5.00,4.00,4.00,6.00
SSHRC,ISS07,27.00,19.00,17.00,22.00,24.00,23.00,25.00,20.00,20.00,25.00
SSHRC,ISS08,5.00,6.00,5.00,4.00,4.00,4.00,7.00,7.00,6.00,4.00
SSHRC,ISS09,0.00,,,,,,0.00,0.00,0.00,0.00
SSHRC,ISS0Z,2.00,2.00,2.00,3.00,3.00,3.00,2.00,2.00,2.00,3.00
SWC,BXR01,127.00,125.00,124.00,145.00,108.00,132.00,,,,139.00
SWC,BXR02,99.00,115.00,181.00,171.00,164.00,172.00,,,,151.00
SWC,BXR03,,,,,,,130.00,124.00,123.00,
SWC,BXR05,,,,,,,40.00,30.00,30.00,
SWC,BXR06,,,,,,,8.00,7.00,7.00,
SWC,BXRO4,,,,,,,82.00,73.00,72.00,
SWC,ISS00,119.00,130.00,147.00,159.00,146.00,131.00,140.00,125.00,124.00,154.00
TBC,BXA01,168.00,162.00,158.00,164.00,163.00,173.00,158.00,165.00,157.00,173.00
TBC,BXA02,124.00,122.00,131.00,134.00,134.00,130.00,126.00,127.00,88.00,127.00
TBC,BXB01,109.00,117.00,120.00,,,,,,,
TBC,BXB02,151.00,137.00,172.00,,,,,,,
TBC,BXB03,179.00,154.00,237.00,,,,,,,
TBC,BXB04,8.00,11.00,12.00,,,,,,,
TBC,BXB05,62.00,62.00,69.00,,,,,,,
TBC,BXB06,77.00,56.00,57.00,,,,,,,
TBC,BXB07,51.00,56.00,55.00,,,,,,,
TBC,BXB08,18.00,18.00,19.00,11.00,13.00,16.00,15.00,15.00,14.00,16.00
TBC,BXB09,87.00,106.00,127.00,42.00,,,,,,
TBC,BXB10,11.00,16.00,21.00,,,,,,,
TBC,BXB11,18.00,21.00,24.00,20.00,19.00,0.00,9.00,11.00,21.00,23.00
TBC,BXB12,,,,319.00,316.00,265.00,275.00,274.00,259.00,264.00
TBC,BXB13,,,,435.00,391.00,260.00,350.00,334.00,326.00,281.00
TBC,BXC01,157.00,181.00,312.00,,,,,,,
TBC,BXC02,67.00,97.00,0.00,,,,,,,
TBC,BXC03,109.00,115.00,127.00,,,,,,,
TBC,BXC04,,,,,,,0.00,0.00,0.00,0.00
TBC,BXC05,55.00,52.00,62.00,,,,,,,
TBC,BXC06,91.00,101.00,88.00,,,,,,,
TBC,BXC07,66.00,60.00,65.00,,,,,,,
TBC,BXC08,,,,674.00,641.00,520.00,592.00,582.00,546.00,600.00
TBC,BXD01,61.00,66.00,73.00,70.00,68.00,74.00,62.00,63.00,58.00,59.00
TBC,ISS01,153.00,142.00,138.00,158.00,140.00,163.00,130.00,131.00,94.00,163.00
TBC,ISS02,108.00,109.00,105.00,112.00,104.00,85.00,98.00,100.00,88.00,85.00
TBC,ISS03,32.00,29.00,34.00,31.00,35.00,34.00,38.00,38.00,33.00,34.00
TBC,ISS04,118.00,117.00,132.00,130.00,119.00,113.00,121.00,124.00,112.00,113.00
TBC,ISS05,102.00,118.00,113.00,113.00,114.00,102.00,106.00,107.00,90.00,102.00
TBC,ISS06,16.00,15.00,15.00,12.00,12.00,24.00,13.00,13.00,12.00,24.00
TBC,ISS07,102.00,97.00,95.00,98.00,109.00,103.00,102.00,102.00,97.00,103.00
TBC,ISS08,9.00,10.00,14.00,16.00,20.00,15.00,17.00,16.00,16.00,15.00
TBC,ISS09,9.00,10.00,11.00,14.00,10.00,9.00,7.00,6.00,5.00,9.00
TBC,ISS0Z,12.00,12.00,12.00,12.00,14.00,10.00,12.00,11.00,12.00,10.00
TC,BTW01,244.00,243.00,251.00,255.00,285.28,269.00,194.00,190.00,175.00,214.00
TC,BTW02,482.00,955.00,943.00,988.00,1002.54,1027.00,1003.00,984.00,945.00,1056.00
TC,BTW03,486.00,,,,,,,,,
TC,BTW04,87.00,84.00,86.00,59.00,44.51,61.00,56.00,55.00,53.00,61.00
TC,BTW05,186.00,201.00,205.00,231.00,223.89,241.00,211.00,205.00,179.00,228.00
TC,BTW06,314.00,306.00,312.00,330.00,298.00,352.00,371.00,119.00,115.00,373.00
TC,BTW07,94.00,106.00,98.00,110.00,111.14,103.00,99.00,97.00,94.00,105.00
TC,BTW08,413.00,406.00,376.00,414.00,401.64,443.00,408.00,397.00,381.00,423.00
TC,BTW09,0.00,,,,,,,,,
TC,BTW10,11.00,12.00,12.00,11.00,8.77,12.00,10.00,9.00,9.00,8.00
TC,BTW11,86.00,84.00,79.00,81.00,83.65,91.00,87.00,86.00,82.00,92.00
TC,BTW12,84.00,,,,,,,,,
TC,BTW13,24.00,23.00,22.00,24.00,24.31,27.00,25.00,26.00,26.00,26.00
TC,BTW14,189.00,194.00,214.00,224.00,227.36,230.00,206.00,208.00,201.00,223.00
TC,BTW15,4.00,4.00,7.00,11.00,11.72,4.00,3.00,3.00,3.00,3.00
TC,BTW16,135.00,104.00,97.00,105.00,116.89,96.00,58.00,57.00,54.00,72.00
TC,BTW17,202.00,200.00,228.00,224.00,215.59,183.00,95.00,93.00,90.00,97.00
TC,BTW18,21.00,20.00,23.00,29.00,31.67,31.00,,,,
TC,BTW19,36.00,35.00,36.00,33.00,35.18,37.00,31.00,30.00,30.00,36.00
TC,BTW20,69.00,60.00,53.00,56.00,67.87,55.00,45.00,45.00,44.00,44.00
TC,BTW21,189.00,199.00,192.00,192.00,182.24,207.00,170.00,167.00,163.00,212.00
TC,BTW22,54.00,54.00,48.00,51.00,29.10,67.00,44.00,43.00,43.00,41.00
TC,BTW24,60.00,63.00,67.00,60.00,50.92,53.00,81.00,84.00,72.00,56.00
TC,BTW25,44.00,39.00,36.00,34.00,77.78,37.00,69.00,68.00,65.00,79.00
TC,BTW26,,,,,,,90.00,88.00,85.00,88.00
TC,BTW27,,,,,,,27.00,27.00,26.00,28.00
TC,BTX01,95.00,93.00,108.00,126.00,129.58,145.00,125.00,117.00,116.00,133.00
TC,BTX02,397.00,403.00,419.00,481.00,496.04,594.00,509.00,343.00,341.00,480.00
TC,BTX03,85.00,85.00,81.00,87.00,86.01,93.00,83.00,82.00,63.00,90.00
TC,BTX04,48.00,47.00,51.00,53.00,54.07,51.00,31.00,30.00,29.00,44.00
TC,BTX05,53.00,58.00,55.00,68.00,69.22,72.00,60.00,62.00,48.00,65.00
TC,BTX06,,89.00,89.00,87.00,82.53,97.00,91.00,87.00,82.00,96.00
TC,BTY01,165.00,162.00,206.00,251.00,250.60,280.00,211.00,214.00,203.00,235.00
TC,BTY02,65.00,60.00,49.00,72.00,88.21,66.00,63.00,34.00,27.00,85.00
TC,BTY03,210.00,214.00,214.00,248.00,252.25,292.00,251.00,202.00,197.00,257.00
TC,BTY04,50.00,67.00,111.00,109.00,88.15,108.00,121.00,119.00,107.00,40.00
TC,ISS01,339.00,337.00,333.00,335.00,326.75,333.00,269.00,237.00,208.00,296.00
TC,ISS02,122.00,122.00,126.00,130.00,129.41,139.00,108.00,92.00,83.00,110.00
TC,ISS03,17.00,19.00,20.00,19.00,18.21,19.00,16.00,14.00,13.00,20.00
TC,ISS04,256.00,278.00,289.00,321.00,311.94,319.00,290.00,259.00,233.00,328.00
TC,ISS05,253.00,254.00,249.00,258.00,248.83,284.00,251.00,226.00,200.00,254.00
TC,ISS06,151.00,162.00,150.00,187.00,186.41,178.00,130.00,120.00,109.00,166.00
TC,ISS07,308.00,328.00,312.00,341.00,382.43,410.00,323.00,292.00,263.00,425.00
TC,ISS08,77.00,76.00,72.00,75.00,77.14,75.00,71.00,62.00,55.00,77.00
TC,ISS09,9.00,10.00,7.00,7.00,9.06,14.00,15.00,14.00,13.00,18.00
TC,ISS0Z,37.00,36.00,41.00,42.00,41.99,42.00,33.00,28.00,25.00,41.00
VAC,BWI06,521.80,560.80,532.80,428.70,437.20,431.90,408.60,408.60,408.60,411.80
VAC,BWI07,495.50,532.50,506.00,407.10,415.10,410.10,387.90,387.90,387.90,390.90
VAC,BWI08,131.20,141.00,134.00,107.70,109.90,108.60,102.70,102.70,102.70,103.50
VAC,BWI09,292.50,314.30,298.60,240.30,245.10,242.10,228.90,228.90,228.90,230.70
VAC,BWI10,22.90,24.60,23.40,18.80,19.10,18.90,17.90,17.90,17.90,18.00
VAC,BWI11,9.50,10.20,9.70,7.70,7.90,7.80,7.40,7.40,7.40,7.40
VAC,BWI12,88.30,94.90,90.20,72.60,74.00,73.10,,,,69.70
VAC,BWI13,2.10,2.20,2.10,1.80,1.80,1.80,1.70,1.70,1.70,1.70
VAC,BWI16,978.90,1051.90,999.40,1385.10,1428.20,1418.30,1087.00,874.00,856.00,1549.70
VAC,BWI18,7.00,7.50,7.20,5.80,6.00,5.90,7.20,7.20,5.00,5.50
VAC,BWI19,,,,,,,65.40,65.40,65.40,
VAC,BWI20,,,,,,,3.70,3.70,3.70,
VAC,BWJ01,68.70,66.40,73.70,81.50,84.70,86.60,86.60,85.60,85.60,86.60
VAC,BWJ02,1.30,2.50,2.50,2.50,2.50,2.50,2.50,2.50,2.50,2.50
VAC,BWK01,34.20,31.80,33.90,33.30,33.30,39.00,39.00,39.00,39.00,39.00
VAC,ISS01,180.20,182.90,187.20,190.50,189.40,173.80,168.70,168.70,168.70,170.20
VAC,ISS02,86.10,95.10,79.00,92.20,103.60,81.50,76.50,75.00,75.00,81.00
VAC,ISS03,6.40,6.60,5.40,3.70,3.50,4.40,4.40,4.40,4.40,4.40
VAC,ISS04,130.50,127.30,131.30,154.70,165.00,158.20,136.90,126.90,123.90,162.90
VAC,ISS05,116.10,125.10,118.30,129.40,128.20,139.00,125.00,120.00,118.50,135.80
VAC,ISS06,23.80,23.30,23.70,19.50,18.40,32.60,26.60,25.60,25.60,33.60
VAC,ISS07,197.90,195.70,204.20,217.00,228.50,235.30,203.20,191.70,187.70,223.90
VAC,ISS08,38.70,44.70,41.10,48.40,43.80,40.50,33.50,33.50,33.50,38.50
VAC,ISS09,13.50,12.90,12.50,16.50,16.10,12.40,12.40,12.40,12.40,12.40
VAC,ISS0Z,8.10,8.90,9.20,8.90,9.50,7.40,7.40,7.40,7.40,7.40
VRAB,BWL01,85.00,97.00,101.50,140.40,169.30,203.00,200.00,188.00,138.00,203.00
WATER,BYR01,,,,,,,122.00,122.00,122.00,118.00
WATER,BYR02,,,,,,,39.00,37.00,37.00,47.00
WATER,ISS30,,,,,,,56.00,54.00,49.00,58.00
WDO,BNW01,124.00,118.00,,,,,,,,
WDO,BNW02,77.00,76.00,,,,,,,,
WDO,BNW03,49.00,47.00,,,,,,,,
WDO,BNW04,34.00,38.00,,,,,,,,
WDO,BYM01,,,108.00,96.00,86.00,93.00,94.00,94.00,94.00,88.00
WDO,BYM02,,,62.00,53.00,48.00,46.00,48.00,48.00,48.00,62.00
WDO,BYM03,,,43.00,49.00,40.00,42.00,42.00,42.00,42.00,42.00
WDO,BYM04,,,50.00,46.00,59.00,40.00,45.00,45.00,45.00,44.00
WDO,ISS00,102.00,107.00,109.00,106.00,104.00,99.00,102.00,102.00,102.00,104.00
