"DeptCode","ActivityCode","AuthorityType","Expenditures_2015","Expenditures_2016"
"ACOA","ABH00","S",2992431.30,2869105.30
"ACOA","ABH00","V",168971771.97,183362765.19
"ACOA","ABK00","S",1339646.27,1430196.86
"ACOA","ABK00","V",90063199.35,105383436.33
"ACOA","ABR00","S",945127.32,1012050.10
"ACOA","ABR00","V",10883107.88,13626491.23
"ACOA","ISC00","S",2560667.47,2596478.74
"ACOA","ISC00","V",23853016.24,22084978.25
"AECB","DAI00","S",1413181.99,1513217.43
"AECB","DAI00","V",8760395.89,10057417.85
"AECB","DAJ00","S",68038152.69,70081114.30
"AECB","DAJ00","V",-28035853.24,-29023542.98
"AECB","DAK00","S",1732907.55,1696617.49
"AECB","DAK00","V",12197174.49,11698929.47
"AECB","DAL00","S",1325582.99,971211.33
"AECB","DAL00","V",4657207.92,4356034.53
"AECB","DAM00","S",5080301.74,4735486.25
"AECB","DAM00","V",21616643.47,19639934.35
"AECB","ISC00","S",20543314.02,20189272.89
"AECB","ISC00","V",20639658.72,21210337.48
"AECL","ATV00","V",491064000.00,784133000.00
"AGR","AAA00","S",889752869.20,1239063436.84
"AGR","AAA00","V",33932591.94,37856623.62
"AGR","AAB00","S",-962575.39,-1046008.06
"AGR","AAH00","S",311677.58,295520.11
"AGR","AAH00","V",2775673.89,2540380.10
"AGR","ABG00","S",38269437.40,37187059.90
"AGR","ABG00","V",562100893.35,585661292.43
"AGR","ABQ00","S",2254674.73,1869722.13
"AGR","ABQ00","V",48181946.89,405943712.30
"AGR","CMA00","S",5677745.26,5888547.83
"AGR","CMA00","V",192912917.07,148616782.54
"AGR","ISC00","S",14982594.81,14432103.13
"AGR","ISC00","V",138219145.53,136601176.77
"ATSSC","CHC00","S",3209810.42,2586693.71
"ATSSC","CHC00","V",17187935.62,19160306.06
"ATSSC","CHD00","S",1760076.92,1246330.71
"ATSSC","CHD00","V",5717329.34,6592359.40
"ATSSC","CHE00","S",1879265.21,2137785.17
"ATSSC","CHE00","V",9227430.53,8812143.44
"ATSSC","ISC00","S",1793797.22,1505054.81
"ATSSC","ISC00","V",16076347.09,18121333.74
"CAS","ARW00","S",1873927.68,1983200.39
"CAS","ARW00","V",25260173.95,24474167.64
"CAS","ARX00","S",2416938.52,2813042.27
"CAS","ARX00","V",21222812.40,21696295.81
"CAS","ISC00","S",2405638.52,1873153.88
"CAS","ISC00","V",19115179.14,19437388.50
"CATSA","BIY00","V",656747273.00,725303977.00
"CB","AOJ00","S",206723.69,195375.25
"CB","AOJ00","V",2079267.07,2312164.28
"CB","ISC00","S",48490.74,45828.76
"CB","ISC00","V",494223.69,542359.46
"CBC","ACH00","V",1038023798.00,1113023798.00
"CBSA","AWZ00","S",16298792.99,16391495.72
"CBSA","AWZ00","V",179933638.18,170909655.28
"CBSA","AXB00","S",104831167.79,93531952.58
"CBSA","AXB00","V",794957644.06,753879566.88
"CBSA","AXE00","S",5147663.60,4994879.99
"CBSA","AXE00","V",27029954.71,25339080.85
"CBSA","AXI00","S",10121528.39,9211461.03
"CBSA","AXI00","V",74285651.06,60286955.26
"CBSA","AXJ00","S",1440965.34,1288924.73
"CBSA","AXJ00","V",9881898.12,8662326.10
"CBSA","HGB00","S",3976813.69,3978708.98
"CBSA","HGB00","V",27217027.57,28198660.86
"CBSA","HGC00","S",12504940.57,12744472.42
"CBSA","HGC00","V",149464775.69,143689894.04
"CBSA","ISC00","S",33117160.10,30350137.16
"CBSA","ISC00","V",346083609.23,335492715.94
"CC","ACF00","V",182224388.00,222574389.00
"CCC","AQS00","V",8880000.00,3510000.00
"CCMD","DAS00","S",27691240.27,11308973.51
"CCMD","DAS00","V",31309657.31,49708234.58
"CCMD","ISC00","S",13637164.62,3013710.00
"CCMD","ISC00","V",19514068.62,18753320.20
"CCOHS","AMH00","S",3987746.10,4078971.79
"CCOHS","AMH00","V",2740783.70,3039164.56
"CCOHS","ISC00","S",1626187.02,1743672.91
"CCOHS","ISC00","V",1563400.37,1068587.44
"CCRA","ABW00","S",25027175.31,25699300.11
"CCRA","ABW00","V",156187302.08,174750397.33
"CCRA","ABX00","S",71321511.89,58204031.88
"CCRA","ABX00","V",535056113.96,488761679.84
"CCRA","ABY00","S",343540095.43,353442342.68
"CCRA","ABY00","V",105860156.99,121774432.06
"CCRA","ABZ00","S",167175296.96,49963526.51
"CCRA","ABZ00","V",251263361.96,296081855.97
"CCRA","ACB00","S",83061470.83,113816485.39
"CCRA","ACB00","V",412280783.92,611308873.60
"CCRA","ACC00","S",159888081.05,156442989.32
"CCRA","ACC00","V",916768683.68,944566945.00
"CCRA","ACD00","S",239835.11,326625.85
"CCRA","ACD00","V",1807323.80,2568160.39
"CCRA","ISC00","S",183896174.81,178739853.29
"CCRA","ISC00","V",733613925.89,813500263.32
"CDC","AAL00","V",3723258.00,3773193.00
"CEAA","AGG00","S",982145.84,1995737.30
"CEAA","AGG00","V",16931461.29,22264849.62
"CEAA","AGH00","S",278274.66,565458.94
"CEAA","AGH00","V",4855872.11,7392327.83
"CEAA","ISC00","S",376489.24,765032.61
"CEAA","ISC00","V",5792058.67,5704593.67
"CEO","HGG00","S",319379772.82,35055676.12
"CEO","HGG00","V",12207029.22,12096552.01
"CEO","HGI00","S",112081576.83,7909821.83
"CEO","HGI00","V",4695747.04,4788251.30
"CEO","HGJ00","S",5109824.87,5927495.65
"CEO","HGJ00","V",3134478.22,2908387.41
"CEO","ISC00","S",20459046.80,25251082.40
"CEO","ISC00","V",9338878.26,8494456.99
"CFDC","AFB00","V",63445365.00,68787234.16
"CFDC","AFF00","V",21878896.00,17415897.03
"CFDC","ISC00","V",10129290.00,11250419.81
"CFGB","ATA00","S",459409.09,421576.47
"CFGB","ATA00","V",3907733.09,3617243.53
"CFGB","ISC00","S",196889.52,180675.55
"CFGB","ISC00","V",1687565.88,1766306.34
"CFIA","AAQ00","S",58268836.23,41820765.84
"CFIA","AAQ00","V",317844695.49,326747813.13
"CFIA","AJY00","S",36378261.89,61590418.74
"CFIA","AJY00","V",104664865.03,111656031.18
"CFIA","AJZ00","S",16178147.24,12874098.84
"CFIA","AJZ00","V",63628914.97,66561489.97
"CFIA","HGA00","S",4045237.46,3747420.52
"CFIA","HGA00","V",28506927.80,27481866.18
"CFIA","ISC00","S",39359804.62,41472671.77
"CFIA","ISC00","V",80486836.30,91959283.95
"CGC","AAW00","S",2993596.72,4163991.68
"CGC","AAW00","V",4801995.30,4526184.90
"CGC","AAZ00","S",-41890675.19,-43976648.69
"CGC","ABB00","S",-4388290.56,-4515841.39
"CGC","ABD00","S",1275019.27,1417064.52
"CGC","ISC00","S",15780159.38,17590881.95
"CGC","ISC00","V",219051.70,221379.91
"CH","ACR00","S",1456134.26,1251940.74
"CH","ACR00","V",218220838.57,209398765.45
"CH","ACS00","S",1517526.63,1544985.29
"CH","ACS00","V",109417840.95,192976619.45
"CH","ACU00","S",3089848.18,3015011.24
"CH","ACU00","V",295872528.41,300713289.82
"CH","ADA00","S",1641132.76,1531139.97
"CH","ADA00","V",27104342.05,28782188.60
"CH","ADB00","S",5035451.68,4992512.53
"CH","ADB00","V",91927228.79,144886655.16
"CH","ADM00","S",1551574.03,1381637.71
"CH","ADM00","V",44176733.54,49345405.45
"CH","ADN00","S",1904436.15,1811500.23
"CH","ADN00","V",356962638.83,364117403.77
"CH","AFQ00","S",140378.30,261355.16
"CH","AFQ00","V",3544344.28,9805197.67
"CH","ISC00","S",8559312.31,8088156.37
"CH","ISC00","V",68825033.89,69364158.26
"CHRC","DAR00","S",1704929.68,1601995.12
"CHRC","DAR00","V",13300087.50,13092116.10
"CHRC","ISC00","S",910221.35,844142.64
"CHRC","ISC00","V",6436915.61,6142315.64
"CI","AFP00","S",4216710.95,6701770.68
"CI","AFP00","V",29403484.70,43497843.09
"CI","AFV00","S",1035809.97,1132624.51
"CI","AFV00","V",40724272.09,83353775.35
"CI","AFW00","S",9775897.33,11134117.72
"CI","AFW00","V",98229378.64,111354363.71
"CI","COA00","S",-252405047.63,-305527339.71
"CI","ISC00","S",18599230.87,19145174.36
"CI","ISC00","V",199247116.15,201889791.43
"CI","LJI00","S",20349379.96,11672653.79
"CI","LJI00","V",38018995.48,36763345.33
"CI","LJV00","S",4261986.04,5216031.28
"CI","LJV00","V",25109750.93,25202421.74
"CI","LJW00","S",5557708.81,4531605.20
"CI","LJW00","V",98703624.07,50323079.45
"CI","LJX00","S",3634910.72,3902118.66
"CI","LJX00","V",1103395945.91,1216746483.40
"CI","LJY00","S",10952368.21,8798170.61
"CI","LJY00","V",67041577.28,57462759.45
"CI","LJZ00","S",526917.18,512868.82
"CI","LJZ00","V",5953694.21,6236590.05
"CI","X0001","S",266006.49,0.00
"CI","X0001","V",3897547.73,0.00
"CICS","AVS00","S",213905.45,157511.91
"CICS","AVS00","V",3347222.31,3422502.95
"CICS","ISC00","S",100661.38,119017.58
"CICS","ISC00","V",1608761.77,1542905.94
"CIHR","BDW00","S",2600284.54,1278893.54
"CIHR","BDW00","V",702811760.38,708944047.36
"CIHR","BDX00","S",1842795.82,1530925.85
"CIHR","BDX00","V",306639720.08,337738260.82
"CIHR","ISC00","S",1122597.13,2866583.44
"CIHR","ISC00","V",11360995.01,28971633.62
"CMC","ACT00","V",83587255.00,77746477.00
"CMHC","ALQ00","V",19468999.32,26793192.86
"CMHC","ALW00","V",23450421.49,32830041.01
"CMHC","CDA00","V",1670346270.15,1690482335.49
"CMHC","CDB00","V",282953018.40,1353290491.59
"CMHC","CDC00","V",12150673.78,25735114.53
"CMHR","ACW00","V",21700000.00,33604000.00
"CMI","ADT00","V",7700000.00,7900000.00
"CMN","ACV00","V",26452593.00,29770297.00
"CNEDA","CLA00","S",479544.86,526920.41
"CNEDA","CLA00","V",36191217.54,43344790.10
"CNEDA","CLB00","S",414959.34,417536.59
"CNEDA","CLB00","V",3534952.43,3683822.79
"CNEDA","ISC00","S",445096.52,428123.04
"CNEDA","ISC00","V",5882649.32,5237855.92
"CNMI","BJC00","V",350859000.00,98967000.00
"CPC","ABU00","V",22210000.00,22210000.00
"CPCC","AMW00","S",18426.48,0.00
"CPCC","AMW00","V",1168245.60,0.00
"CPCC","DAT00","S",200744.61,198339.77
"CPCC","DAT00","V",5191175.18,8383029.99
"CPCC","DAU00","S",86312.37,123333.10
"CPCC","DAU00","V",1001736.98,2865174.18
"CPCC","ISC00","S",108394.94,181727.57
"CPCC","ISC00","V",1799601.93,4114873.77
"CRTC","CAA00","S",1681356.08,1624253.02
"CRTC","CAA00","V",-533271.23,484569.28
"CRTC","CAB00","S",2102767.68,1904775.60
"CRTC","CAB00","V",60329.64,-1261035.31
"CRTC","CPA00","S",1130013.49,1140144.64
"CRTC","CPA00","V",3600500.42,4087686.36
"CRTC","ISC00","S",1501480.14,1563851.68
"CRTC","ISC00","V",1455241.00,1847300.41
"CSA","ANW00","S",1202164.11,1400456.11
"CSA","ANW00","V",60601869.31,77604260.05
"CSA","ANX00","S",1814176.25,1743698.04
"CSA","ANX00","V",207372884.19,168889230.67
"CSA","ANY00","S",2538592.37,2404835.78
"CSA","ANY00","V",93881205.68,89906152.19
"CSA","ISC00","S",3098915.71,3106720.77
"CSA","ISC00","V",42289250.46,43242924.13
"CSC","BER00","S",142377742.80,135891276.23
"CSC","BER00","V",1377374001.26,1374298878.92
"CSC","BES00","S",43813854.36,38860764.34
"CSC","BES00","V",354351519.75,359388371.32
"CSC","BET00","S",2975846.00,2902434.23
"CSC","BET00","V",138915498.12,151894297.11
"CSC","ISC00","S",30583066.66,28269283.70
"CSC","ISC00","V",267393115.64,271299095.15
"CTA","BAN00","S",1389434.71,1323793.37
"CTA","BAN00","V",9710167.39,9246042.99
"CTA","BAO00","S",1163248.11,1108292.12
"CTA","BAO00","V",9171587.99,7860916.56
"CTA","ISC00","S",678574.69,646503.73
"CTA","ISC00","V",6141219.18,6762528.35
"CTAIB","AVX00","S",1512101.73,1471020.98
"CTAIB","AVX00","V",11630538.04,11478160.92
"CTAIB","AVY00","S",649000.21,635005.46
"CTAIB","AVY00","V",4515231.04,4317738.46
"CTAIB","AVZ00","S",34433.01,33384.27
"CTAIB","AVZ00","V",272695.25,254426.58
"CTAIB","AWC00","S",678346.24,703041.54
"CTAIB","AWC00","V",5068079.86,5096817.91
"CTAIB","ISC00","S",583836.30,552335.64
"CTAIB","ISC00","V",5088228.43,5450812.70
"EA","AJG00","S",17840023.17,15967499.38
"EA","AJG00","V",937116822.17,880593590.59
"EA","AJK00","S",16673905.70,23635846.81
"EA","AJK00","V",676992044.88,678433801.92
"EA","AJL00","S",3684258.39,4197511.37
"EA","AJL00","V",44720208.26,44549471.09
"EA","AJP00","S",7290489.62,7218418.24
"EA","AJP00","V",68918807.15,77153150.77
"EA","AJQ00","S",11365678.88,12572402.64
"EA","AJQ00","V",153093622.37,181329943.88
"EA","AJR00","S",15001112.64,13043485.32
"EA","AJR00","V",219376571.98,216289675.13
"EA","DAN00","S",3116725.68,1616470.72
"EA","DAN00","V",361300683.80,463615910.54
"EA","DAP00","S",324893786.26,315381810.02
"EA","DAP00","V",2156054871.95,2238575814.64
"EA","DAQ00","S",2614669.26,2695883.62
"EA","DAQ00","V",697488542.87,849349965.83
"EA","ISC00","S",29742764.52,17422476.31
"EA","ISC00","V",249566976.49,216381677.73
"EC","AGL00","S",7818590.83,7536939.85
"EC","AGL00","V",142580502.44,145499051.72
"EC","AGM00","S",9499314.78,7580435.27
"EC","AGM00","V",72284973.99,63152084.87
"EC","AGR00","S",15690984.60,14850666.52
"EC","AGR00","V",165656783.87,165272636.38
"EC","AGS00","S",9507877.46,8208702.05
"EC","AGS00","V",74021734.95,79592746.21
"EC","BDJ00","S",4995386.70,4704178.41
"EC","BDJ00","V",10326461.57,10939346.77
"EC","BDK00","S",4917079.78,5070065.71
"EC","BDK00","V",73873844.54,93376806.56
"EC","BDO00","S",4125143.29,3935991.16
"EC","BDO00","V",36509229.85,36403340.63
"EC","BIA00","S",9873372.13,13061935.81
"EC","BIA00","V",109734154.60,136442287.49
"EC","BKF00","S",1717167.58,1695972.93
"EC","BKF00","V",18254595.80,15815326.88
"EC","ISC00","S",18490941.54,17418116.91
"EC","ISC00","V",161049255.23,175311648.43
"EDC","AJQ00","S",3699980.05,8210493.66
"ERC","BEN00","S",154130.46,156132.60
"ERC","BEN00","V",1363839.02,1368145.39
"FBCL","BJG00","V",20119298.83,41781858.30
"FCAC","SGA00","S",16272565.36,17426663.55
"FEDSO","BMF00","S",631394.01,611660.21
"FEDSO","BMF00","V",46406312.50,62805473.35
"FEDSO","BMR00","S",294650.65,232431.10
"FEDSO","BMR00","V",55256270.17,78995969.97
"FEDSO","HGL00","S",729610.97,623893.61
"FEDSO","HGL00","V",68998451.19,62550077.24
"FEDSO","ISC00","S",1558627.70,1370119.20
"FEDSO","ISC00","V",15921977.29,14945987.66
"FIN","BLH00","S",6946363.61,6934671.87
"FIN","BLH00","V",56570508.99,62922094.63
"FIN","BLI00","S",22793429403.08,21282396928.05
"FIN","BLJ01","S",29852656804.98,30466632980.01
"FIN","BLJ01","V",542115.14,512429.49
"FIN","BLJ02","S",-267606150.22,4642293.77
"FIN","BLJ02","V",422818.04,546491.87
"FIN","BLJ06","S",34024617855.00,36057581263.00
"FIN","BLJ09","S",0.00,13588.20
"FIN","BLJ09","V",3000000.00,4091980.96
"FIN","BLJ11","S",492826409.96,492834927.72
"FIN","BLJ11","V",97678.01,101048.45
"FIN","ISC00","S",3942607.89,3458514.22
"FIN","ISC00","V",39865744.91,38883025.49
"FJA","ARP00","S",186004.08,190431.96
"FJA","ARP00","V",2302902.50,2571867.03
"FJA","ARR00","S",538358.46,551205.45
"FJA","ARR00","V",7038585.36,7869209.51
"FJA","ARS00","S",532643045.05,534886932.91
"FJA","ISC00","S",53184.00,53184.00
"FJA","ISC00","V",664752.00,673616.00
"FO","AIP00","S",4929439.84,4945108.04
"FO","AIP00","V",56724137.28,60124808.34
"FO","AIV00","S",1827511.32,1771822.88
"FO","AIV00","V",216120228.26,294402862.65
"FO","AIW00","S",1809658.51,1739450.45
"FO","AIW00","V",19283045.38,18870282.90
"FO","CGA00","S",170663.28,126871.43
"FO","CGA00","V",2038065.82,2035376.19
"FO","HAA00","S",12505995.29,12191427.44
"FO","HAA00","V",118747486.07,129821539.69
"FO","HAB00","S",4116745.12,4509895.90
"FO","HAB00","V",43017698.47,48343224.71
"FO","HGN00","S",1474769.63,1449562.50
"FO","HGN00","V",84603026.67,80721846.77
"FO","HGO00","S",2356508.86,2337515.72
"FO","HGO00","V",21604568.72,22691721.10
"FO","HGP00","S",625850.88,628468.96
"FO","HGP00","V",5138197.09,6169642.21
"FO","HGQ00","S",317361.57,225231.79
"FO","HGQ00","V",3460969.94,3034616.54
"FO","HGR00","S",713514.67,679163.22
"FO","HGR00","V",13497049.35,15942598.39
"FO","HGS00","S",2077399.02,2202177.96
"FO","HGS00","V",41555093.24,51584114.62
"FO","HGW00","S",141135.29,133827.48
"FO","HGW00","V",1188371.22,1190209.67
"FO","HGX00","S",8899328.13,8207838.48
"FO","HGX00","V",90650367.52,95055907.25
"FO","HGY00","S",2300896.22,2243376.99
"FO","HGY00","V",27195645.68,27949250.72
"FO","ISC00","S",21277941.35,20119335.39
"FO","ISC00","V",323062969.28,377984606.50
"FO","LJA00","S",1049416.38,1217013.37
"FO","LJA00","V",16770466.11,33899773.11
"FO","LJC00","S",1539059.23,1547408.31
"FO","LJC00","V",29565548.05,30802212.81
"FO","LJD00","S",4519818.07,3825467.25
"FO","LJD00","V",37737020.32,35102903.49
"FO","LJE00","S",622896.74,608180.20
"FO","LJE00","V",6489050.74,6925644.83
"FO","LJF00","S",30611005.15,32030681.49
"FO","LJF00","V",748307285.78,724111389.04
"FO","LJG00","S",9772900.95,9247177.63
"FO","LJG00","V",93491476.37,107981560.63
"FO","LJH00","S",1476370.12,1899251.51
"FO","LJH00","V",14135799.52,14880731.01
"FO","LJK00","S",2877813.26,2747650.99
"FO","LJK00","V",25322971.88,28259463.02
"FO","LJL00","S",1385552.16,1330080.20
"FO","LJL00","V",13691844.78,16827964.31
"FORDQ","BNI00","S",1565338.59,1205141.19
"FORDQ","BNI00","V",146011573.96,175110545.45
"FORDQ","BNJ00","S",260889.76,311004.15
"FORDQ","BNJ00","V",33349116.53,34887139.41
"FORDQ","BNK00","S",582423.18,777510.24
"FORDQ","BNK00","V",59598433.72,85126881.76
"FORDQ","ISC00","S",1661391.61,1621486.55
"FORDQ","ISC00","V",16167832.75,16912924.76
"FTRAC","BNG00","S",2150248.71,2109278.20
"FTRAC","BNG00","V",22823004.48,24975046.02
"FTRAC","BNH00","S",2150248.71,2109278.20
"FTRAC","BNH00","V",19930863.36,18243765.71
"FTRAC","ISC00","S",758911.28,744450.95
"FTRAC","ISC00","V",7139114.63,7224705.74
"GG","AKC00","S",2227171.13,2195539.03
"GG","AKC00","V",13793787.90,13801109.65
"GG","ISC00","S",671728.82,633165.34
"GG","ISC00","V",5625403.77,6033271.38
"GSC","AZA00","S",24329193.55,12209518.81
"GSC","AZA00","V",127228338.01,125783758.08
"GSC","AZN00","S",18219593.39,20919392.94
"GSC","AZN00","V",110735299.84,114482838.42
"GSC","BEQ00","S",4708344.61,12621986.45
"GSC","BEQ00","V",2107596766.64,2446368347.57
"GSC","BEU00","S",3696776.00,3412096.31
"GSC","BEU00","V",106211805.17,101079479.84
"GSC","BEW00","S",-3838831.57,-6767343.58
"GSC","BEW00","V",55138099.23,59714210.52
"GSC","BEX00","S",5103557.49,6874373.74
"GSC","BEX00","V",19434151.39,24598279.88
"GSC","BEY00","S",407575.09,329742.19
"GSC","BEY00","V",3422433.47,2928088.59
"GSC","CUA00","S",4223483.26,4014058.73
"GSC","CUA00","V",16049880.35,14301301.59
"GSC","ISC00","S",34164118.28,33696895.10
"GSC","ISC00","V",196485125.56,228859681.85
"H","AKR00","S",8021047.32,9946036.57
"H","AKR00","V",79538362.94,74916176.09
"H","AKS00","S",6094205.26,5916766.26
"H","AKS00","V",35265829.03,36704918.41
"H","AKU00","S",16553941.80,19673317.05
"H","AKU00","V",871487616.43,920895772.59
"H","AKZ00","S",6010118.50,7061465.76
"H","AKZ00","V",78440175.25,87805285.20
"H","ALA00","S",2303203.79,46821.68
"H","ALA00","V",12956995.81,13541829.99
"H","BMA00","S",86236976.11,41046583.15
"H","BMA00","V",243343207.99,288408350.48
"H","BMD00","S",25487107.39,24055792.08
"H","BMD00","V",120154514.80,125413996.03
"H","BME00","S",6805051.69,6678828.58
"H","BME00","V",57136343.57,62400989.50
"H","CFA00","S",4028613.35,3846113.23
"H","CFA00","V",30484477.69,30302120.59
"H","ISC00","S",78540020.10,77417912.23
"H","ISC00","V",243145581.04,226317472.96
"H","LJR00","S",91866.64,112054.27
"H","LJR00","V",37129564.63,37323630.19
"H","LJS00","S",2394943.97,2211153.65
"H","LJS00","V",18476081.51,17655420.02
"H","LJT00","S",4217750.94,5055880.97
"H","LJT00","V",1134512230.47,1246576384.91
"H","LJU00","S",6872316.42,2216385.66
"H","LJU00","V",665404007.94,779669665.45
"HC","AVA00","S",17110744.67,17084331.82
"HC","AVA00","V",147633381.23,149985628.64
"HC","AVB00","S",128340966.77,124879034.16
"HC","AVB00","V",131246275.72,152945403.75
"HRSD","AMP00","S",61114294.38,66576579.36
"HRSD","AMP00","V",62604881.24,61121244.50
"HRSD","AMQ00","S",2280239500.57,2638629045.20
"HRSD","AMQ00","V",209279500.80,211538383.53
"HRSD","BJJ00","S",94985264.03,91185866.50
"HRSD","BJJ00","V",1492173793.16,1748341616.47
"HRSD","BJK00","S",45963557957.90,48746834800.91
"HRSD","BJK00","V",144850031.82,170723957.63
"HRSD","BKC00","S",8762373455.60,1979589297.62
"HRSD","BKC00","V",198727411.26,260168077.48
"HRSD","DAA00","S",4152858.43,3345807.50
"HRSD","DAA00","V",45106377.69,47527169.42
"HRSD","DAB00","S",17442315.79,15691163.21
"HRSD","DAB00","V",0.00,1944087.79
"HRSD","ISC00","S",53666767.24,58136203.74
"HRSD","ISC00","V",207753610.40,237612403.37
"IDRC","AJS00","V",183478242.00,147474006.00
"IJC","AJU00","S",369956.13,362013.94
"IJC","AJU00","V",4436002.77,4604218.08
"IJC","AJV00","S",116035.93,102100.89
"IJC","AJV00","V",1696727.94,1382290.19
"INAC","AFA00","V",0.00,50000000.00
"INAC","ANC00","S",32076678.52,32559261.25
"INAC","ANC00","V",1262137028.68,1861112386.78
"INAC","ANG00","S",3320902.58,4547970.86
"INAC","ANG00","V",1801813581.59,2141964841.44
"INAC","ANL00","S",4822721.11,4524712.94
"INAC","ANL00","V",417335362.43,443599267.29
"INAC","ANM00","S",2386643.57,2593425.03
"INAC","ANM00","V",27177686.32,30340122.87
"INAC","ANO00","S",1053311.47,1236774.18
"INAC","ANO00","V",146413308.24,156391933.11
"INAC","ANP00","S",4533039.24,5727128.59
"INAC","ANP00","V",176054194.37,164191040.44
"INAC","ANR00","S",1840331.84,1882613.89
"INAC","ANR00","V",1765522838.44,1878753502.83
"INAC","CEA00","S",158922.49,166315.18
"INAC","CEA00","V",50177875.58,49248189.81
"INAC","CKA00","S",4900184.77,4931777.47
"INAC","CKA00","V",172096214.59,561585420.02
"INAC","CKB00","S",60261485.10,73604541.92
"INAC","CKB00","V",997906229.26,778994203.46
"INAC","CKC00","S",589897.96,399273.80
"INAC","CKC00","V",39972732.32,46773164.35
"INAC","CKD00","S",7014996.70,13244684.40
"INAC","CKD00","V",286164005.85,267547589.76
"INAC","CKE00","S",948483.09,800402.55
"INAC","CKE00","V",38700005.68,47306076.81
"INAC","HGH00","S",4978968.80,3661628.02
"INAC","HGH00","V",311834859.06,164606857.48
"INAC","HGV00","S",524535.30,470874.35
"INAC","HGV00","V",63922748.06,53361424.25
"INAC","ISC00","S",18228564.74,17289944.24
"INAC","ISC00","V",250426328.03,269087700.97
"IPC","ASN00","S",1150136.44,1170898.49
"IPC","ASN00","V",10813354.32,10045243.54
"IPC","ASO00","S",851917.61,850471.54
"IPC","ASO00","V",7630992.51,8609211.69
"IPC","ASR00","S",234721.66,246504.89
"IPC","ASR00","V",2061474.60,2432619.53
"IPC","AST00","S",246457.87,295805.74
"IPC","AST00","V",2695932.87,3070022.20
"IPC","ISC01","S",715901.18,751839.85
"IPC","ISC01","V",6263424.64,5747793.11
"IPC","ISC02","S",254468.73,254037.08
"IPC","ISC02","V",2100868.52,3209539.89
"IRB","AFR00","S",837627.07,1583613.09
"IRB","AFR00","V",10627616.51,9875163.17
"IRB","AFT00","S",1555593.58,1096347.54
"IRB","AFT00","V",14334301.59,14563658.99
"IRB","AFU00","S",5265098.65,4750938.51
"IRB","AFU00","V",36275157.20,37526072.46
"IRB","HAC00","S",1196610.37,1583613.09
"IRB","HAC00","V",10710857.21,11935399.51
"IRB","ISC00","S",3111534.94,3167586.45
"IRB","ISC00","V",28482776.18,29417073.92
"ISC","AOW00","S",3484544.77,3149685.00
"ISC","AOW00","V",30462654.85,29214776.15
"ISC","AOX00","S",1122788.20,1050361.43
"ISC","AOX00","V",243327824.43,279543372.60
"ISC","AOZ00","S",1690664.68,1483647.47
"ISC","AOZ00","V",154731268.14,145204965.57
"ISC","APA00","S",6190129.81,15713822.49
"ISC","APA00","V",36017363.37,34410459.60
"ISC","APD00","S",60955994.70,90876877.72
"ISC","APD00","V",250459587.05,1106481988.74
"ISC","APG00","S",11899415.94,9527197.95
"ISC","APG00","V",106006919.17,88799511.76
"ISC","APJ00","S",64412390.59,64959022.96
"ISC","APJ00","V",20980451.67,21250965.70
"ISC","CRA00","S",5678851.03,4950990.02
"ISC","CRA00","V",40428832.62,36202370.55
"ISC","ISC00","S",16564905.95,18312608.88
"ISC","ISC00","V",115419910.09,135781160.36
"JCCB","BJE00","V",247328089.00,284286531.73
"JUS","ASA00","S",98984.10,113281.97
"JUS","ASA00","V",1016570.48,895463.89
"JUS","ASB00","S",3838461.07,3794408.01
"JUS","ASB00","V",380492986.31,406178905.71
"JUS","ASE00","S",54572400.22,55591159.99
"JUS","ASE00","V",139876697.06,143202400.24
"JUS","ISC00","S",14611781.21,10559448.54
"JUS","ISC00","V",88711926.45,69484378.01
"LAC","BHB00","S",337921.59,471690.04
"LAC","BHB00","V",2298858.38,3226679.86
"LAC","BHC00","S",1659055.50,1283200.66
"LAC","BHC00","V",11866714.66,9635884.34
"LAC","BHD00","S",3233359.02,3612406.65
"LAC","BHD00","V",22461413.59,29082216.17
"LAC","ISC00","S",2934937.26,2606897.10
"LAC","ISC00","V",27956240.07,25023234.72
"LAC","LJN00","S",593433.09,443777.16
"LAC","LJN00","V",4203706.50,3344414.88
"LAC","LJO00","S",1481420.44,1711017.06
"LAC","LJO00","V",12424552.30,34059218.98
"LP","AVH00","S",0.00,3719986.66
"LP","AVH00","V",28400189.64,28596252.35
"LP","ISC00","S",4508192.05,849827.03
"LP","ISC00","V",8710242.12,9275600.54
"MPCC","BDV00","S",187681.96,185414.76
"MPCC","BDV00","V",2358099.86,1871543.51
"MPCC","ISC00","S",187681.99,185414.77
"MPCC","ISC00","V",2673774.88,1877157.01
"NAC","ADO00","V",54897056.00,135309431.00
"NBC","ADR00","S",219206.17,289434.00
"NBC","ADR00","V",2047933.38,2068703.47
"NBC","ADS00","S",905261.31,948662.02
"NBC","ADS00","V",112752.63,107352.68
"NBC","ISC00","S",1557326.43,1449831.59
"NBC","ISC00","V",8657865.80,4459591.12
"NCC","ADV00","V",91009322.00,90623439.00
"ND","CQA00","S",138132838.65,127921990.96
"ND","CQA00","V",1221946300.14,1220031490.50
"ND","CQB00","S",57218876.78,30603393.32
"ND","CQB00","V",396475523.13,381686893.64
"ND","CQC00","S",491456470.73,473755299.20
"ND","CQC00","V",2909930085.92,2981299581.27
"ND","CQD00","S",788522530.27,765567993.41
"ND","CQD00","V",11789355550.97,11683195786.60
"ND","CQE00","S",33394661.07,34846472.24
"ND","CQE00","V",391394747.32,413415987.17
"ND","ISC00","S",48850207.59,48228022.67
"ND","ISC00","V",399395450.10,445600618.42
"NEB","AUD00","S",5087406.53,0.00
"NEB","AUD00","V",40754881.97,40961325.12
"NEB","AUF00","S",776045.07,0.00
"NEB","AUF00","V",6414734.64,6125215.63
"NEB","ISC00","S",2759271.33,8607168.99
"NEB","ISC00","V",26604227.97,28923108.52
"NFB","AEA00","S",88828.61,-5466271.24
"NFB","AEA00","V",34822999.75,38132272.95
"NFB","BLT00","S",0.00,7979352.62
"NFB","BLT00","V",16702002.48,13018610.97
"NFB","ISC00","S",-0.00,-1753189.27
"NFB","ISC00","V",8307357.77,12003649.63
"NGC","AEF00","V",45776761.00,46127385.00
"NMST","AEH00","V",59600577.00,108103274.00
"NPA","AUP00","S",30086.13,3336.35
"NPA","AUP00","V",425968.42,250994.05
"NPB","AXV00","S",4053459.10,3978158.54
"NPB","AXV00","V",30954521.00,31135175.12
"NPB","AXW00","S",592819.60,460368.50
"NPB","AXW00","V",3261336.94,3452013.69
"NPB","AXY00","S",537627.67,582870.77
"NPB","AXY00","V",-173264.14,673434.80
"NPB","ISC00","S",771410.67,753839.46
"NPB","ISC00","V",6333028.38,5789580.52
"NR","BMT00","S",4025849.97,3434819.34
"NR","BMT00","V",71901222.62,67303566.01
"NR","BMU00","S",4735744.15,4708945.19
"NR","BMU00","V",88639489.61,93052283.15
"NR","BMV00","S",6170501.15,6962091.02
"NR","BMV00","V",62099660.80,67631089.95
"NR","BMW00","S",347989272.56,473430813.58
"NR","BMX00","S",4295277.98,2614938.63
"NR","BMX00","V",206717145.10,174816855.82
"NR","BMY00","S",10949433.51,10421082.35
"NR","BMY00","V",132670973.86,137722801.18
"NR","BMZ00","S",3827894.06,3542201.51
"NR","BMZ00","V",117770733.63,31777778.12
"NR","BNA00","S",7384424.68,7030768.71
"NR","BNA00","V",66325521.85,72848325.82
"NR","BNB00","S",5394923.56,5071652.90
"NR","BNB00","V",68715747.15,69721556.21
"NR","ISC00","S",6748018.86,9644847.73
"NR","ISC00","V",118816834.33,116262496.43
"NRC","APY00","S",15137671.96,17441972.55
"NRC","APY00","V",101242013.41,108162171.26
"NRC","BMM00","S",9370659.49,10039844.69
"NRC","BMM00","V",279548418.65,312950216.95
"NRC","CTA00","S",129760797.73,139640956.08
"NRC","CTA00","V",197069712.96,212571082.69
"NRC","ISC00","S",51313996.06,70660910.87
"NRC","ISC00","V",161634324.65,177273309.96
"NSERC","CBA00","S",489783.01,507033.33
"NSERC","CBA00","V",272781431.18,273707987.79
"NSERC","CBB00","S",982916.45,985203.70
"NSERC","CBB00","V",454014513.56,503466697.67
"NSERC","CBC00","S",1958672.72,1868621.18
"NSERC","CBC00","V",367443465.59,391188308.01
"NSERC","ISC00","S",1778949.13,1882727.55
"NSERC","ISC00","V",16203462.58,17654314.23
"OAG","AHF00","S",8808845.16,8191624.20
"OAG","AHF00","V",68874230.37,70837600.85
"OCI","AYD00","S",469026.02,462058.41
"OCI","AYD00","V",3304298.05,3079550.18
"OCI","ISC00","S",40416.60,33688.40
"OCI","ISC00","V",756406.52,1117474.02
"OCOL","AWF00","S",832179.71,832141.71
"OCOL","AWF00","V",5841325.82,6722650.36
"OCOL","AWG00","S",675917.25,662892.11
"OCOL","AWG00","V",5383315.39,5975766.51
"OCOL","ISC00","S",607842.55,610163.01
"OCOL","ISC00","V",6889449.75,5631106.67
"OCSEC","ATG00","S",177890.06,125918.81
"OCSEC","ATG00","V",1320469.92,1233828.19
"OCSEC","ISC00","S",0.00,44241.81
"OCSEC","ISC00","V",536517.53,600389.26
"ODPP","BIT00","S",2919156.84,3321063.05
"ODPP","BIT00","V",14759775.06,15509113.28
"ODPP","BJF00","S",11474805.23,11310485.69
"ODPP","BJF00","V",118533154.97,123664479.58
"ODPP","DAG00","S",2407977.20,2735127.00
"ODPP","DAG00","V",771932.52,803736.84
"ODPP","DAH00","S",394427.11,506745.27
"ODPP","DAH00","V",519303.33,535825.65
"ODPP","ISC00","S",1885903.01,1525024.10
"ODPP","ISC00","V",18458150.37,17673196.83
"OEC","BDG00","S",468299.98,491448.68
"OEC","BDG00","V",3350692.99,3499130.66
"OEC","ISC00","S",132084.60,146796.36
"OEC","ISC00","V",1807060.43,2095525.87
"OICC","BJH00","S",0.00,14279.90
"OICC","BJH00","V",50036481.17,3050000.00
"OICC","BJQ00","S",1973343589.70,2072200671.49
"OICC","BJQ00","V",735611.09,30631637.56
"OICC","CSA00","S",90752.42,638948.82
"OICC","CSA00","V",84763903.68,164055287.19
"OICC","CSB00","S",242179.34,861679.61
"OICC","CSB00","V",887190509.35,702740346.54
"OICC","CSC00","S",106309.98,192844.84
"OICC","CSC00","V",88035172.65,156923319.45
"OICC","CSD00","S",638378.47,917451.20
"OICC","CSD00","V",65642932.53,27248444.62
"OICC","ISC00","S",4116402.96,2477458.38
"OICC","ISC00","V",35499533.03,45813902.92
"OPSIC","BLB00","S",284893.60,296513.90
"OPSIC","BLB00","V",2359602.96,2483431.57
"OPSIC","ISC00","S",113379.08,98458.00
"OPSIC","ISC00","V",1695681.76,1445294.88
"ORL","BIO00","S",87865.63,106386.82
"ORL","BIO00","V",898610.88,1087371.74
"ORL","BIP00","S",76365.86,65360.28
"ORL","BIP00","V",612281.07,566849.95
"ORL","DAF00","S",134627.75,123986.64
"ORL","DAF00","V",991091.09,1046562.52
"ORL","ISC00","S",105865.73,84093.96
"ORL","ISC00","V",1470749.11,1455966.33
"OSEO","BFL00","S",84858.41,80977.73
"OSEO","BFL00","V",681430.93,841493.15
"OSFI","AIG00","S",4498501.44,4471482.75
"OSFI","AIG00","V",945057.96,945057.96
"OSFI","AIH00","S",76831313.05,78131916.20
"OSFI","AII00","S",3984052.94,4194465.85
"OSFI","ISC00","S",57959651.23,60278453.65
"PCA","AGV00","S",12291217.56,12351734.10
"PCA","AGV00","V",151171115.00,165449776.30
"PCA","AGW00","S",543627.66,597041.18
"PCA","AGW00","V",17175866.95,13291435.48
"PCA","AGZ00","S",4057990.99,3997248.80
"PCA","AGZ00","V",36685152.16,40971222.59
"PCA","AHA00","S",141174394.59,138434313.75
"PCA","AHA00","V",259239378.10,352454482.60
"PCA","AHC00","S",12551178.88,10639582.71
"PCA","AHC00","V",259860924.26,299736181.64
"PCA","ISC00","S",27125613.39,32960869.52
"PCA","ISC00","V",114253947.41,120809162.06
"PCC","AYX00","S",714811.62,731830.82
"PCC","AYX00","V",5814469.18,5791471.16
"PCC","ISC00","S",266939.47,113930.68
"PCC","ISC00","V",2921842.79,2398719.15
"PCO","BEB00","S",7652872.25,7380128.54
"PCO","BEB00","V",56718248.24,65022019.73
"PCO","BEF00","S",389572.35,383185.75
"PCO","BEF00","V",3027640.84,3721123.41
"PCO","BEI00","S",0.00,222172.02
"PCO","BEI00","V",0.00,2883721.07
"PCO","BLG00","S",1605907.34,1396260.42
"PCO","BLG00","V",11732318.01,11420549.30
"PCO","ISC00","S",4167751.32,3409034.48
"PCO","ISC00","V",37824711.07,58402746.66
"PHAC","CIA00","S",8471918.58,8665090.68
"PHAC","CIA00","V",108156310.72,102928687.64
"PHAC","CIB00","S",11650141.96,10428669.29
"PHAC","CIB00","V",285861226.81,279622184.36
"PHAC","CIC00","S",6007368.87,5740369.60
"PHAC","CIC00","V",61965007.58,61154788.05
"PHAC","ISC00","S",14960081.93,13335460.07
"PHAC","ISC00","V",76008083.99,77341778.18
"PMPRB","ALD00","S",160914.26,186221.24
"PMPRB","ALD00","V",1527669.59,1430057.28
"PMPRB","ALE00","S",496740.74,462088.70
"PMPRB","ALE00","V",4902386.12,5636570.14
"PMPRB","ISC00","S",268205.82,260053.77
"PMPRB","ISC00","V",2142444.48,2158967.98
"PPP","AHZ00","V",11800000.00,11800000.00
"PPS","AVV00","S",3370693.94,5180956.89
"PPS","AVV00","V",47100237.18,59599369.15
"PSC","AEJ00","S",1593278.59,1351333.47
"PSC","AEJ00","V",10805706.64,9372153.23
"PSC","AEL00","S",3215350.03,2871854.24
"PSC","AEL00","V",16821279.33,20164581.71
"PSC","BHE00","S",1929518.53,1577242.95
"PSC","BHE00","V",13582218.49,12040328.38
"PSC","ISC00","S",2868975.48,3308527.38
"PSC","ISC00","V",21793379.06,25137086.61
"PSEP","AYJ00","S",2422106.52,2709760.36
"PSEP","AYJ00","V",21923964.15,44620562.87
"PSEP","AYK00","S",3332712.35,3841966.61
"PSEP","AYK00","V",171802163.09,918733053.25
"PSEP","BLE00","S",423838.94,449455.53
"PSEP","BLE00","V",3478268.25,3133359.80
"PSEP","ISC00","S",4926735.80,4102912.76
"PSEP","ISC00","V",49529432.42,48580504.87
"PSEP","LJP00","S",2925711.64,3316598.97
"PSEP","LJP00","V",146017794.01,168123761.37
"RCMP","AYO00","S",416232423.63,539296796.17
"RCMP","AYO00","V",1351998258.90,1298771525.54
"RCMP","AYR00","S",20637314.99,24389804.90
"RCMP","AYR00","V",134369740.05,134957415.85
"RCMP","HGD00","S",6910200.45,4843632.37
"RCMP","HGD00","V",46845246.33,42292397.48
"RCMP","HGE00","S",1329479.75,1941287.10
"RCMP","HGE00","V",12040338.88,13119800.81
"RCMP","HGF00","S",10391782.67,9392163.23
"RCMP","HGF00","V",169498579.47,187470282.19
"RCMP","ISC00","S",69704014.94,76932175.32
"RCMP","ISC00","V",616270191.07,684218803.11
"SC","AQL00","S",12831548.69,14773171.00
"SC","AQL00","V",122196190.82,274741747.55
"SC","AQM00","S",17207381.88,16562223.64
"SC","AQM00","V",113280654.17,112009116.47
"SC","AQN00","S",12367787.29,11651223.52
"SC","AQN00","V",89416734.12,87695716.12
"SC","AQR00","S",9917062.36,8676014.12
"SC","AQR00","V",77556542.72,77931089.45
"SC","AQT00","S",11431414.18,11719474.07
"SC","AQT00","V",-11431413.78,-11719473.65
"SC","ISC00","S",7085504.26,7334894.74
"SC","ISC00","V",55701158.34,70141963.81
"SCA","AQK00","V",10194937.00,10515380.00
"SCC","ASW00","S",1744615.61,1721327.90
"SCC","ASW00","V",13746679.09,13875799.55
"SCC","HGK00","S",7933811.86,7572983.59
"SCC","ISC00","S",845725.96,871140.21
"SCC","ISC00","V",8068915.84,9638174.64
"SEN","AVN00","S",21188985.24,24711784.07
"SEN","AVN00","V",12175174.44,14178629.02
"SEN","AVP00","S",1684906.73,1610211.70
"SEN","AVP00","V",15238304.74,15722752.03
"SEN","AVQ00","S",2558063.63,2375758.22
"SEN","AVQ00","V",21726658.62,22079620.96
"SHARE","BMO00","S",72026831.82,63493934.45
"SHARE","BMO00","V",1293839403.97,1467120822.92
"SHARE","ISC00","S",11371664.08,11355082.92
"SHARE","ISC00","V",127205870.54,139399896.51
"SIRC","AWV00","S",57919.69,102063.01
"SIRC","AWV00","V",581413.88,878416.68
"SIRC","AWW00","S",150452.92,163354.18
"SIRC","AWW00","V",1035385.61,1507400.48
"SIRC","ISC00","S",71420.07,84729.62
"SIRC","ISC00","V",972882.56,1738804.33
"SSHRC","AQA00","S",740028.62,763898.78
"SSHRC","AQA00","V",161710378.59,179270466.51
"SSHRC","AQB00","S",622634.45,632305.27
"SSHRC","AQB00","V",168672213.30,171468603.77
"SSHRC","AQD00","S",28870.16,27741.19
"SSHRC","AQD00","V",340637427.68,368652152.05
"SSHRC","AQZ00","S",78446.13,70075.15
"SSHRC","AQZ00","V",2467278.04,7946176.52
"SSHRC","BMS00","S",157697.25,162150.24
"SSHRC","BMS00","V",32807074.97,34315460.54
"SSHRC","ISC00","S",1372791.46,1395544.64
"SSHRC","ISC00","V",10997297.90,11249472.92
"SWC","CCA00","S",253076.68,291853.89
"SWC","CCA00","V",1599108.21,2598560.68
"SWC","CCB00","S",468191.83,539929.72
"SWC","CCB00","V",21991428.48,24659972.60
"SWC","ISC00","S",544114.94,627485.83
"SWC","ISC00","V",4686480.86,6551813.70
"TBC","BJV00","S",1162005794.16,339704346.50
"TBC","BJV00","V",2690624376.66,2406697551.07
"TBC","DAC00","S",5281079.44,5288907.72
"TBC","DAC00","V",36500483.64,41137580.17
"TBC","DAD00","S",7246541.15,7500547.20
"TBC","DAD00","V",57794825.08,63331546.83
"TBC","DAE00","S",6132559.71,6880067.09
"TBC","DAE00","V",84625185.84,120312965.01
"TBC","ISC00","S",7655882.96,7433466.68
"TBC","ISC00","V",70022013.47,65921655.66
"TC","BAY00","S",2042523.46,1851467.05
"TC","BAY00","V",24926447.09,21011836.32
"TC","BAZ00","S",610619.05,195501.70
"TC","BAZ00","V",405371023.43,158440954.17
"TC","BBC00","S",202612906.17,193058781.73
"TC","BBC00","V",209641760.35,214416507.79
"TC","BBH00","S",1290835.63,250425.62
"TC","BBH00","V",15315372.66,20995249.20
"TC","BBI00","S",1433584.46,1128895.26
"TC","BBI00","V",25253016.44,23178682.93
"TC","BBN00","S",1427862.39,1451513.32
"TC","BBN00","V",40799459.48,34065802.91
"TC","BBO00","S",26073601.35,22398320.41
"TC","BBO00","V",155413487.21,137777825.59
"TC","BBU00","S",8032693.17,7104580.07
"TC","BBU00","V",58282660.96,52929510.34
"TC","BCK00","S",2972837.17,2731189.10
"TC","BCK00","V",107578767.07,30148638.46
"TC","BCN00","S",2072208.78,1185755.00
"TC","BCN00","V",21598984.65,23553470.09
"TC","BCO00","S",1972392.89,1795233.57
"TC","BCO00","V",24648176.86,26068784.66
"TC","BCQ00","S",3761736.63,3424372.75
"TC","BCQ00","V",25279387.21,22186036.06
"TC","BCR00","S",1535095.79,1394666.57
"TC","BCR00","V",10725565.75,10096161.60
"TC","BCT00","S",579582.20,518764.96
"TC","BCT00","V",4470374.27,4586550.37
"TC","CHA00","S",1441263.39,1286045.07
"TC","CHA00","V",18329973.29,16456676.75
"TC","ISC00","S",16567051.10,14608235.67
"TC","ISC00","V",147065811.73,140862349.01
"TOUR","AOB00","V",62975770.00,95475770.00
"TRC","BJW00","V",4530570.07,0.00
"TRC","ISC00","S",59400.96,0.00
"TRC","ISC00","V",1391961.73,0.00
"VAC","BBX00","S",18442993.98,18883738.74
"VAC","BBX00","V",1052011801.67,1136626148.44
"VAC","BCJ00","S",525988.06,505857.93
"VAC","BCJ00","V",4074453.31,4124324.01
"VAC","BCX00","S",924447.83,995197.45
"VAC","BCX00","V",49103694.62,54558613.73
"VAC","BNC00","S",7890390.72,8139571.12
"VAC","BNC00","V",2135889887.68,2100199639.43
"VAC","BND00","S",674312.40,885622.48
"VAC","BND00","V",245839564.19,365097574.58
"VAC","ISC00","S",7870262.76,7652891.74
"VAC","ISC00","V",71786406.82,73139561.75
"VIA","BIZ00","V",365500460.29,348387316.99
"VRAB","LJQ00","S",1324762.67,1167203.24
"VRAB","LJQ00","V",9677602.30,9068085.26
"WDBA","CHB00","V",138500000.00,334500000.00
"WDO","BCE00","S",452249.32,567358.80
"WDO","BCE00","V",34788050.89,73701328.42
"WDO","BCW00","S",783754.99,752408.51
"WDO","BCW00","V",8138846.91,6088075.90
"WDO","CJA00","S",1469279.56,1351235.40
"WDO","CJA00","V",95829136.25,95469777.35
"WDO","ISC00","S",1324000.44,1140505.36
"WDO","ISC00","V",12906055.84,11412583.79

